cliente_id,nome,cpf,email
1,Julie Reeves,53586686438,richard61@example.net
2,Elizabeth Nixon MD,18779290046,kristin78@example.net
3,Tracy Schneider,30036288602,robert05@example.com
4,Matthew Powell,59849923244,laurenadkins@example.com
5,Sharon Johnson,35430746527,kingsusan@example.com
6,Tammy Jensen,15838961394,christopher60@example.org
7,Anthony Robinson,80504194962,burchwilliam@example.com
8,Elizabeth Campbell,36362500433,olsoncaleb@example.com
9,Frank Wilson,56428833957,shaffersherri@example.net
10,David Lin,32031933777,dannyholmes@example.com
11,Rachel Martinez,53728557223,hojacob@example.org
12,Christina Woods,58908568132,angela61@example.net
13,Michele Rhodes,20713038940,christy37@example.net
14,Brett Smith,45025402194,brittany00@example.com
15,Mark Adams,80240044175,jesse25@example.net
16,John Steele,11818797111,kevin46@example.org
17,Jeffery Garza,54039584488,marissabrown@example.org
18,Thomas Good,90584522983,catherinegray@example.net
19,Jared Johnson,99101564829,tgarrison@example.com
20,Julie Taylor,50788519571,dschaefer@example.com
21,Barbara Bowers,51326467685,dorseyadam@example.org
22,Joseph Rogers,63038993448,bfletcher@example.org
23,Spencer Patrick,16348044504,howardadrian@example.net
24,Erica Carney,62782135970,vjohnson@example.net
25,Joseph Payne,93947152953,ashleytravis@example.com
26,Alyssa Berry,16987711187,kjones@example.com
27,Valerie Buchanan,85787137710,fgamble@example.net
28,Jeremiah Khan,16160725226,patrickmoore@example.org
29,Jeremy Myers,59363704573,gtorres@example.net
30,Jeffrey Rogers,69691225660,perezmegan@example.com
31,Katherine Smith,75549321938,judy11@example.net
32,Daniel Gonzalez,62666771792,hector37@example.org
33,Stephanie Thomas,23177075436,kendralyons@example.com
34,Dr. Andrea Bowen,51028314973,collinscassandra@example.com
35,Jennifer Smith,36528464550,jennifer75@example.com
36,Tanya Schmitt,17583938095,thomasmark@example.net
37,Ryan Russell,35626496706,bradleyyang@example.net
38,Sarah Pearson,92630680411,sierra52@example.com
39,Dillon Stephenson,78405302098,richardhunt@example.net
40,Thomas Brooks,83140281931,kkey@example.com
41,Tracy Nielsen,14457938512,christine18@example.org
42,Gabrielle Ochoa,22327895681,danielwilliams@example.com
43,Denise Webb,30556587111,megan56@example.org
44,Monica Graves,85007619672,xespinoza@example.org
45,James Miller,42995664136,ronaldburton@example.net
46,Jesse Lawson,26195500732,travis92@example.org
47,Richard Lopez,73157564074,elizabeth72@example.net
48,Hannah Everett,96186770447,evelyn73@example.org
49,Kelly Moore,58105784947,phillipsjoseph@example.com
50,Diana Ortega,15451070921,raymondjeffrey@example.com
51,Rachel Thornton,74154082933,stephen33@example.com
52,Stephen Hoffman,87054060586,nbanks@example.net
53,Karen Rodriguez,24785507369,jeremiah19@example.org
54,David Holmes,64857504928,cindymartinez@example.org
55,Joshua Ryan,33249249030,taylorangela@example.com
56,Daniel Carter,69110951541,meghan34@example.com
57,Michael Brooks,55311278835,shanehernandez@example.com
58,Lindsey Sellers,17201208087,davisdaniel@example.com
59,Laurie Vargas,75129072913,samuelbean@example.org
60,Toni Andrade,34251088206,jimmy48@example.com
61,Christine Sims,38419586884,adrianmorris@example.net
62,Michael Mcintyre,39473716601,jromero@example.net
63,Crystal Barber,80839533425,jesusharris@example.com
64,Jason Warren,52133736700,kenneth45@example.net
65,Scott Dixon,27452295146,howardmonica@example.org
66,Suzanne Edwards,29519687459,bclark@example.org
67,Diane Griffin,85240305536,milleranthony@example.net
68,Charles Johnson,25532474277,vargasyvette@example.com
69,Lauren Martinez,96739864311,jorge28@example.net
70,Russell Galloway,89756766788,youngmichael@example.org
71,Teresa Williams,65870380708,williamsgina@example.org
72,Benjamin Spence,93041235404,elizabeth13@example.com
73,Tamara Watts,86207002723,leslieramos@example.com
74,Sean Haas,53219073562,ashley16@example.org
75,Sean Collins,99711470929,fgarner@example.com
76,Julie Deleon,89193795452,tammy48@example.org
77,Elizabeth Anderson,55851500559,ovaughn@example.net
78,Suzanne Webb,33233101302,garciawillie@example.org
79,Robert Wallace,90837728478,frederickkenneth@example.com
80,Barry Owen,12031290844,wmorris@example.com
81,Anthony Phillips,98270044788,pjordan@example.org
82,Michelle Hays,43957780273,rbailey@example.org
83,Martha Freeman,13906386463,devin55@example.net
84,Gerald Wolf,87176332314,wardalexa@example.com
85,Alicia Aguilar,60505163958,maria52@example.org
86,Alexandra Strong,31636200457,miranda88@example.org
87,Patrick Harrington,31741443447,qsutton@example.com
88,Lori Barker,94849781661,sharpmichael@example.net
89,Justin Aguirre,21515871762,terrellchristopher@example.com
90,Tonya Pollard,66463232862,michael90@example.com
91,Roy Ball,83949726611,jwilliams@example.com
92,Charles Greer,40231431364,kevin46@example.net
93,Donna Mercer,96298571000,williamspamela@example.com
94,Joshua Lane,34831254271,samuelrogers@example.com
95,Angela Miranda,38467520782,millerchristopher@example.org
96,Bradley Castro,81387175180,rebeccamason@example.net
97,Bobby Price,72009338707,garciakayla@example.com
98,Antonio Ramirez,88180366811,david90@example.org
99,Katrina Robertson,51221045753,gallaghermichelle@example.org
100,Erica Brown,51357783338,vargasanthony@example.net
101,Randall Chen,16612867347,fdrake@example.org
102,Peter Delgado,24202396877,xwallace@example.net
103,Benjamin Soto,45280346532,jerry89@example.com
104,Vicki Chang,19811406239,parkerchris@example.com
105,Jeffery Juarez,72870698817,gentryapril@example.org
106,Sharon Martinez,36103858822,xjones@example.com
107,Kimberly Taylor,85834231897,jennifer45@example.net
108,Stephanie Riley PhD,71381654412,nnewton@example.net
109,Jamie Smith,97380013097,cynthiaford@example.net
110,Kenneth Garza,42149880293,mpark@example.com
111,Mary Ingram,11523990136,griffithjustin@example.com
112,Joan Ferguson,74612277563,justin55@example.com
113,Ashley Peck,59191043896,dorothy32@example.org
114,Joseph Williamson,54860702696,chambersandrea@example.net
115,Andrew Hernandez,16179326404,angelahayes@example.net
116,Sean Khan,66816348724,jacquelinejoseph@example.org
117,Brittany Nash,78254619322,darrennguyen@example.com
118,Lauren Johnson,24771371985,ozhang@example.net
119,David Simon,94969676057,rmarsh@example.org
120,Paul Gonzalez,13069047992,cassie19@example.com
121,Isaac Stephens,88611483507,kmaddox@example.net
122,John Schroeder,23256690750,scotttimothy@example.org
123,Brandi James,50189631352,dickersonkevin@example.org
124,Dwayne Roberts,32281501278,bennettdiane@example.org
125,Robin Blevins,28036787003,fullerrichard@example.net
126,Tanner Benjamin,56552774923,catherinethompson@example.net
127,William Richards,47366814574,davidsonkelly@example.com
128,Robin Hernandez,42688699935,lisa63@example.org
129,John Williams,62126674350,forbescourtney@example.org
130,Mark Briggs,52816322902,woodardamber@example.com
131,Donald Conway,32298952036,xsharp@example.net
132,Ronald Gomez,12703641186,tina60@example.net
133,Shelly Barr,91763809423,robertharper@example.org
134,Christine Williams,26870005249,lisagreene@example.org
135,Christina Ward,30598425341,phillipstheresa@example.net
136,Aaron Wu,85488481694,dmurphy@example.net
137,Barbara Morgan,99031279030,kiaraboyd@example.net
138,Tracy Perkins,46499810708,hholmes@example.com
139,Justin Bennett,14359874955,jacobsdavid@example.com
140,Jennifer Rivera,35932338670,tdiaz@example.com
141,Sarah Duran,41235994509,alexanderhahn@example.com
142,Kevin Reynolds,96748306096,ruthchen@example.net
143,Nicole Daniels,37204044614,adrianmoses@example.org
144,Teresa Calderon,26173546604,lwilliams@example.com
145,Maria Brown,29768907708,qfletcher@example.com
146,Marcus Buckley,31077639299,jennawells@example.com
147,Stephen Black,26277391990,travisprice@example.org
148,Courtney Branch,14270674965,rodriguezlori@example.com
149,Stephen Foster,59547415738,fernandezjoyce@example.org
150,Elizabeth Howard,60884751217,mercadokathleen@example.com
151,Cynthia Cook,83914834072,jeffrey37@example.net
152,Philip Maldonado,84280700428,pamelacarrillo@example.net
153,Kayla Brooks,69507559391,barbaracollins@example.org
154,Julie Moore,58574749010,dannyhamilton@example.net
155,Nicholas Forbes,33398190214,hensonashley@example.net
156,Amanda Harris,22544743132,dominguezrebecca@example.org
157,Douglas Obrien,88695962174,josechambers@example.org
158,Brenda Walker,70851592561,lauraortega@example.net
159,Debbie Bryant,84087472991,ricejoshua@example.net
160,Timothy Wright,56556732008,jennifer08@example.com
161,Alexander Warner,53434256352,browntara@example.com
162,Jacob Willis,72506339812,reeselisa@example.net
163,Shawn Mercer,62020385347,lisa90@example.net
164,Richard Koch,52837159232,jburgess@example.net
165,Amanda Murphy,82412683596,boonelindsey@example.org
166,Russell Cabrera,49368426484,mindylynch@example.net
167,John Foster,36833148773,twarner@example.org
168,Ryan Larson,28796655144,craig78@example.org
169,Thomas Thompson,22871166184,cameron22@example.org
170,Ashley Mahoney,21139029131,richardsstephanie@example.net
171,Michelle Jones,60770249303,zshaw@example.com
172,Robert Smith,53951052750,bhernandez@example.com
173,Ashlee Ray,31138720053,njones@example.org
174,Jacob Smith,92386976606,madisoncooper@example.net
175,Rebecca Lowe,52169563038,rmarsh@example.org
176,Mark Scott,44793670213,john44@example.com
177,Thomas Henry,95187220739,andrewthomas@example.net
178,Juan Benjamin,40176813350,jessica62@example.net
179,Elizabeth Tran,15201933401,cmorris@example.com
180,James Mullins,70708360461,carrieburns@example.net
181,Nicole Smith,35161961746,ycampbell@example.com
182,Melissa Woods,61285842170,john59@example.com
183,Michael Sosa,90135411312,kelly17@example.net
184,Brenda Williams,87231711189,hwalker@example.org
185,Elizabeth Pitts,39097252734,todd62@example.com
186,Christine Burgess,62405918139,zmoran@example.com
187,Julie Vazquez,90621773610,carolynaustin@example.org
188,Tiffany Bowman,33913510339,gonzalezjoseph@example.net
189,Karen Parker,65102813044,bparsons@example.net
190,James Schultz,60437164356,loganmichael@example.org
191,Angela Williams,98159602240,patricia95@example.net
192,Chris Cardenas,65866168471,kathryn14@example.com
193,Maureen Hartman,75452529174,mmedina@example.com
194,Deanna Jones,81389994528,thomassparks@example.net
195,Vincent Love,76892920302,fvaughn@example.com
196,Erika Luna,72477354958,nataliebarker@example.net
197,Michael Schwartz,65809571141,toddmaldonado@example.net
198,Beth Torres,54529539905,james79@example.net
199,Wyatt Potts,25899976887,robin16@example.org
200,Michelle Foster,80399063530,barbara60@example.org
201,Mary Smith,82250381433,djones@example.com
202,Isaac Smith,43528245712,kellerchristine@example.org
203,Jason Howard,60743472150,gatesjulie@example.org
204,Scott Dunn,58153259979,elliottthomas@example.org
205,Amanda Cook,57542105321,kmckinney@example.com
206,Michael White,95146130201,gary86@example.net
207,Mrs. Lisa Lowe,40556989274,avasquez@example.com
208,Janice Taylor,96787369154,youngmargaret@example.net
209,Victor Jordan,16373727744,ispence@example.net
210,Chelsea Sanders,42388340632,robert70@example.net
211,Connor Jimenez,93860850774,michael59@example.org
212,John Gonzalez,32479526137,pbray@example.org
213,Bonnie Wood,27789278066,vdixon@example.org
214,Andrew Hatfield,79612496128,timothychoi@example.org
215,Micheal Simmons,25144607849,christopherbridges@example.com
216,David Williams,74986231541,williamschristopher@example.net
217,Paul Wiggins,48510199073,eduffy@example.com
218,Rachel Freeman,98209406261,caroltanner@example.com
219,Victoria Green,78765468134,timothy89@example.net
220,Sarah Martinez,65453138971,jamesperez@example.net
221,Tara Ramirez,95477619860,harrisonaaron@example.org
222,Sharon Pierce,83874393884,douglasdon@example.com
223,Richard Smith,91783574454,kimberly40@example.org
224,Sarah Brown,31807650627,rhicks@example.net
225,Ashley Carney,81258200278,bphillips@example.org
226,Cody King,36646564446,ugordon@example.net
227,Joseph Phillips,35910545542,mccannmichael@example.net
228,Andrea Zimmerman,26412079731,angela35@example.org
229,Rebekah Meyer,56568909061,herringnicholas@example.net
230,Jared House,95749916729,shawngarrett@example.com
231,Paul Bailey,27747848389,rebecca98@example.net
232,Michael Gill,61205379832,judybentley@example.com
233,Eric Fernandez,64414598970,ellissheila@example.com
234,Ashley King,46001369562,tammy18@example.org
235,Randall Rice,69212391267,qlynch@example.org
236,Michael Burton,96159585259,whitemargaret@example.com
237,Kristina Roberts,49445719339,jeremiah46@example.net
238,Hannah Moody,63569845382,tammy74@example.org
239,David Allen,84266826469,vgallegos@example.com
240,Cole David,33742679505,oharris@example.com
241,Megan Scott,34724736324,phillip81@example.org
242,Christopher Rios,12583063165,ismith@example.com
243,Edward Jones,12861315884,natashacraig@example.net
244,Emily Rogers,80004651286,troy41@example.net
245,Christopher Short,22868704754,chenchristopher@example.org
246,Patrick Chan,73115883849,trose@example.net
247,Brandon Bradford,26661447635,kennethlambert@example.org
248,Brittany Black,12754425922,john06@example.net
249,Andrea Rodriguez,50466702992,frankjorge@example.com
250,Bryan Martinez,80567000689,thompsongeorge@example.org
251,Lisa Bell,73380251696,jmedina@example.net
252,Kayla Flynn,91878333431,lopeznatalie@example.com
253,Austin Melendez,58376131433,stevenscrystal@example.org
254,Brandy Mccullough,21156545754,dwarren@example.net
255,Justin Thomas,56870022254,oramirez@example.net
256,Dennis Lopez,96248915413,harrisbrandon@example.net
257,Kelsey Moses,46636589022,burnsjill@example.net
258,Robert Dougherty,47792638226,lesliekelly@example.org
259,Kevin Griffin,24481671223,jenniferrussell@example.com
260,Jody Williams,37248229384,williamsdonald@example.com
261,Brittney Ramos,94792230638,george91@example.net
262,Ronald Keller,34414124563,katrina32@example.com
263,Alison Hill,83851447069,nathanielfoster@example.org
264,Daniel King,58130741544,johncannon@example.com
265,Jennifer Henry,14722153979,bennettleslie@example.com
266,Tanya Valdez,62889370856,hickscharles@example.net
267,Richard Willis,17168853310,dylan46@example.org
268,Karen Mills,86404021550,bkirby@example.com
269,Matthew Klein,85886077582,gloversierra@example.org
270,Dr. Kimberly Coleman MD,76919823416,danielle38@example.com
271,Martin Parsons,86403053317,tiffanyhernandez@example.com
272,Joel Reeves,87936202467,jeffrey76@example.org
273,Christopher Drake,73669290990,ramirezmaria@example.org
274,Crystal Scott,19452385652,keithmalone@example.com
275,Jesse Mccoy,32696260556,melissa45@example.org
276,Kaitlin Barker,80323482064,williamsjodi@example.org
277,Steven Brown,79806488389,ivanali@example.com
278,Katherine Vincent,49416172239,allen33@example.org
279,Rebecca Barnes,81090863855,robinwong@example.org
280,Rebecca Adams,75314418175,pmills@example.com
281,Larry Pacheco,98751451623,chad50@example.com
282,Melissa Smith,75147186801,uwright@example.com
283,James Gutierrez,53126445787,gregory24@example.net
284,Sandra Robbins,90674948379,dustinharding@example.net
285,William Evans,32431536621,montgomerykelly@example.org
286,Margaret Simpson,55874023878,sharptonya@example.org
287,Kristy Waters,11364748726,christina99@example.com
288,Christopher Patrick,76094746711,lisajacobs@example.org
289,William Shelton,98810114220,lindsay18@example.com
290,David Brown,70588596879,tanya40@example.com
291,Mary Fields,67787550967,evelyngreen@example.net
292,Peter Wood,52136464527,susan70@example.org
293,Tara Gonzalez,93536878077,jenniferanderson@example.com
294,Hannah Mason,63277568662,drakedebra@example.org
295,Ernest Watkins,46047423192,wallsjulie@example.com
296,Cheryl Harris,21198922372,qhull@example.org
297,Anthony Williams,60373483506,nelsonelizabeth@example.net
298,Matthew Harrison,52338072901,brian48@example.net
299,Gregory Burton,52648621896,wrightmichael@example.net
300,Patricia Turner MD,63398227007,ellen56@example.org
301,Carol Kelly,89612598922,jefffox@example.org
302,Natalie Green,54027478716,todd09@example.net
303,David Krause,68006122862,briandavis@example.net
304,Richard Chang,78116558833,nicolefreeman@example.org
305,Tara Garcia,92081737475,kellyfrank@example.com
306,Jared Robinson,28808769724,thomas49@example.net
307,Perry Vaughn,76395480479,shane25@example.net
308,Michelle Buchanan,73415572437,deborahclark@example.org
309,Janice Curtis,96949000367,tammywyatt@example.net
310,Erica Gibson,41979083364,allen92@example.org
311,Mr. Michael Griffin,79505229967,izhang@example.com
312,John Brown,65512984985,cartertara@example.com
313,Joe Smith,58824425682,medwards@example.org
314,Cindy Williams,90416128004,audreyhowell@example.org
315,Kelly Morales,28173262678,kibarra@example.com
316,Ronnie Schultz,95130236627,michaelboyd@example.com
317,Jill Mcdowell,21787053426,msmith@example.org
318,Joel Gray,99571282207,cpham@example.com
319,Christopher Gray,77668503036,kevinchan@example.org
320,Russell Duncan Jr.,45851965837,aliu@example.net
321,Molly Blake,12265453673,john05@example.com
322,Jonathan Bishop,22041389222,nicholas18@example.org
323,Taylor Macias,66841018590,williamsrebecca@example.net
324,William Nolan,97286753098,mercadodawn@example.com
325,Alejandro Stevenson,67389980705,christina10@example.com
326,Chelsea Flores,43142393636,bdiaz@example.net
327,Gail Mathis,97979809397,kristin89@example.com
328,Adrian Carey,76837395212,steven70@example.com
329,Brittany Smith,30967577617,maryclark@example.net
330,Elizabeth Barrett,57606185450,craigjoseph@example.org
331,Tiffany Johnson,81723466407,kaylaserrano@example.com
332,Angela Klein,12645210664,michellenorton@example.org
333,Kyle Villarreal,46458649805,whill@example.net
334,Leslie Gibson,80980410242,michael89@example.org
335,Melanie Turner,71852007070,calebvega@example.com
336,Gregory Grant,90372048781,bjohnston@example.com
337,Samuel Smith,80041553376,changjoshua@example.net
338,Lori Brown,46597648589,johnsonfaith@example.net
339,Christopher Rocha,53162472522,kennedybrandi@example.net
340,Katherine Carrillo,15152756979,karenrobinson@example.com
341,Alyssa Santiago,70177086742,jkeller@example.net
342,Robert Nichols,75612547538,jeffreythornton@example.net
343,Julie Small,51280283835,obeck@example.com
344,Andrea Townsend,92647714129,kirbyjoseph@example.org
345,Douglas Erickson,97117144534,burnettthomas@example.net
346,James Strickland,66260412916,colemandanielle@example.net
347,Christopher Wise,49434299153,vrobertson@example.org
348,Justin Contreras,97020523705,johnwilliams@example.org
349,Dustin Wright,14567358885,kyleirwin@example.com
350,Candice Hamilton,23141004983,cynthiaandrade@example.net
351,Tammy Daniels,53530205785,ochoajoseph@example.org
352,George Haley,26731433764,uwashington@example.net
353,Susan Bender,26425720288,ashleyrodriguez@example.org
354,Joseph Jones,99715431280,vcarpenter@example.org
355,Brenda Ryan DVM,83450046344,burtonmichael@example.com
356,Denise Hernandez,28468558906,rjones@example.org
357,Shelley Gonzalez,30413662072,zreese@example.org
358,Jennifer Serrano,28367657269,tinavaughn@example.net
359,Jennifer Montes,80052847294,brownrandy@example.net
360,Jordan Ortiz,43757420613,michael30@example.com
361,Kathryn Roy,51110086367,rogerhall@example.org
362,Sabrina Thompson,33876843622,barrylivingston@example.com
363,Robin Roberts,58410111132,lcruz@example.org
364,Joseph Rasmussen,12386377427,rebecca68@example.org
365,Maria Haynes,33058916464,elizabeth26@example.org
366,Kathryn Liu,76106800328,jordanwesley@example.org
367,Michael Randall,48193938663,kimberly92@example.org
368,Jennifer Franklin,96703473657,jenkinsjennifer@example.com
369,April Austin,41210462819,bryantshawn@example.net
370,Crystal Hughes,96931647047,michaela06@example.net
371,Dale Miller,15521683484,johnsonmonique@example.org
372,David Brandt,95855006027,judy08@example.net
373,Julie Miles,47124207368,royharrell@example.org
374,Melissa Durham,59739512435,bethanymiller@example.org
375,Jessica Thomas,76869254662,fguerrero@example.net
376,Cheryl Jimenez,94492273481,juliedavis@example.org
377,Joseph Brady,41945767972,patrick94@example.org
378,Jessica Ramirez,65380713558,thomasbrent@example.org
379,Kimberly King,37873781279,fbaker@example.org
380,Tammy Perez,54232107307,bridget38@example.net
381,Anna Smith,20764789939,vanessapope@example.net
382,Justin Thomas,76096143214,meyerdonald@example.net
383,Jared Berry,43743454850,andrewsellers@example.net
384,Cynthia Mcfarland,14830342718,pattersondavid@example.org
385,Tracy Wilson,68321771040,leechristopher@example.net
386,Elizabeth Schroeder,30657748294,justin83@example.com
387,Andrea Oconnor,48712894924,spencerjonathan@example.net
388,Christina Lopez,68065438843,yleon@example.net
389,John Rodriguez,72187822532,melissamalone@example.org
390,Sandra King,95401913554,mariereilly@example.org
391,Vanessa Li,75251390268,peggywatson@example.com
392,Mary Bennett,65310805531,hooperrichard@example.org
393,Jose Stewart,86814627162,matthew82@example.net
394,Valerie Roberts,14644684450,jessicarivera@example.org
395,Rebecca Tran,25922352287,nicholashess@example.net
396,Edward Carr,35594622522,sierra22@example.com
397,Christopher Reed,34744587924,kayla00@example.net
398,Courtney Cruz,87097207636,robertgentry@example.net
399,Joshua Rollins,25144701638,onealjohn@example.org
400,Kathleen Haas,42596912832,webersarah@example.com
401,Mr. Cody Hoffman MD,92281555406,melissa41@example.com
402,Robert Webster,90454028659,daniellee@example.com
403,Leslie Sloan,56021823862,jaymyers@example.com
404,Jessica English,90322450473,rramirez@example.com
405,Ronald Hill,93467878714,lmartinez@example.org
406,Michael Mayo,37933389750,johnpowell@example.com
407,Sharon Love,56177770533,srogers@example.org
408,Ryan Thompson,99372491226,james23@example.net
409,Daniel Davis,48076726773,aaronmassey@example.org
410,Joseph Holland,21988323629,griffinwilliam@example.org
411,Amanda Williams,16309668091,evan62@example.com
412,Lindsey Cox,56948898641,ceverett@example.org
413,Gail Duran,44008337941,joshuaholder@example.org
414,Taylor Nunez,17011269531,donnalewis@example.org
415,Thomas Bailey,39376546586,josephharrison@example.org
416,Christopher Miles,55748770261,hectormurphy@example.org
417,Derrick Robinson,86021403376,christensenmichael@example.com
418,Jesus Fernandez,71064277228,duncanshelby@example.com
419,Michael Anderson,13611749399,wbeck@example.com
420,Alexander Richardson,50987046040,burchthomas@example.com
421,Charles Johnson,14442819406,barbararogers@example.com
422,Robert Hernandez,81101234700,uedwards@example.com
423,Cole Vargas,82864646860,scottrebecca@example.com
424,Bobby Roach PhD,91382503265,rachelfitzgerald@example.com
425,Charles Patterson,11494805332,tsingh@example.net
426,Kendra Adkins,39849800667,langjulie@example.net
427,Michelle Davis,67993278189,morgananthony@example.net
428,Ryan Wilson,55945792298,rodriguezeric@example.org
429,Brett Buckley,87790433655,mercadoashley@example.com
430,Robert Taylor,94694915486,savageevan@example.org
431,Lisa Lopez,68503335508,april81@example.org
432,Jonathan Stein,14703061507,ruizjulia@example.org
433,Dawn Petty,40988472522,veronica11@example.net
434,Sarah Wolf,71345939159,ericwright@example.com
435,Alexandria Salas,86512187047,maxwellgrant@example.net
436,Gabriel Williams,93877738504,julie36@example.net
437,David Walker,38760615766,joshuarush@example.com
438,Sarah Mccormick,82688794961,allison23@example.net
439,Jordan Jackson,78540168344,hmay@example.org
440,Kathy Cruz,74679441922,vmason@example.net
441,Michael Mccormick,51639083786,zbest@example.net
442,Stephanie Rios,78324301469,mark32@example.com
443,Adam Johnson,11278383887,stevensamy@example.com
444,Brooke Tran,48234687328,ashleywalls@example.com
445,Donna Hart,23836974311,jtaylor@example.com
446,David Rosales,54722363941,mark73@example.com
447,Sheila Weber,87598235363,timothy53@example.net
448,Stephanie Gonzalez,58921092610,laurenanderson@example.com
449,Tanya Hull,98587287625,whitneynguyen@example.org
450,Jeffrey Cruz,91777491594,harrisbrandon@example.com
451,Kevin Gonzalez,66651668314,john76@example.com
452,Robert Mullins,53972136446,zmullins@example.net
453,Amanda Lambert,97890488141,murillomarvin@example.org
454,Daniel Sparks,80171417790,craigjames@example.org
455,Christopher Blackwell,68960911155,andreaclark@example.net
456,Rachel Watson,78335459353,ljones@example.org
457,Grace Ingram,29642331985,brian69@example.net
458,William Atkinson,98764927349,uhuang@example.net
459,Samantha Owen,32750892981,tammy17@example.net
460,Michael Manning,96012302107,sancheztanner@example.org
461,Elizabeth Johnson,90977769662,lisa86@example.net
462,Catherine Sanders,20156914826,smithelizabeth@example.com
463,Christopher Medina,46429431740,hrice@example.com
464,Daniel White,16511837039,anthonythompson@example.com
465,Jason Osborne,88609469108,loweryjamie@example.org
466,Tommy Shaw,54147982913,julierobbins@example.com
467,Felicia Morgan,54629109208,juliewatkins@example.org
468,Christina Williams,83117121302,gmccoy@example.net
469,Karen Perez,27226131120,christopher95@example.org
470,Spencer Kidd,54105703132,elizabeth31@example.net
471,David Holt,88594374102,ross06@example.com
472,Robert Rojas,96972779185,zabbott@example.net
473,Kendra Roberson,16036551807,christiehernandez@example.com
474,Melissa Carpenter,65837975212,vroach@example.org
475,Peter Thompson,22325476842,stevenadkins@example.com
476,Benjamin Rosario,41250582409,hcunningham@example.com
477,Rachel Jones,53282399030,ureed@example.net
478,Melissa Kelly,47959552232,zsmith@example.net
479,Mary Hunter,29860137493,suarezholly@example.net
480,Alan Zamora,73397698992,rebeccajimenez@example.com
481,Pamela Mendoza,44977734047,dmckenzie@example.com
482,Timothy Lawson,16197119230,velasquezlauren@example.net
483,Justin Cooper,90383167638,phelpsdebra@example.net
484,Sean Richard,19275824734,michaelgonzalez@example.net
485,Timothy Smith,22137386487,gregorydaniel@example.org
486,Kenneth Ray,89992325083,marksanchez@example.net
487,Richard Kennedy,25901857521,bjones@example.org
488,Mark Arnold,60554024519,davisdavid@example.org
489,Dawn Fox,46751345566,nmarsh@example.com
490,Emily Edwards,26631133221,roseandrew@example.org
491,Elizabeth Burgess,74289863306,kayla58@example.org
492,Amy Ashley,40298266276,shafferpeter@example.com
493,Robert Knapp,42620077726,smithjason@example.net
494,Michael Mcdonald,43777680382,sarahreed@example.org
495,Calvin Robinson,37461156348,hunterdiane@example.com
496,Grace Fuentes,22676057248,lauren20@example.com
497,Autumn Fuller,79515790613,greenjeremy@example.com
498,Amy Jones,50183525877,crossrobert@example.net
499,Manuel Norman,46497300844,simmonsrachel@example.net
500,Joseph Bradley,77714436932,calvin20@example.net
501,James Barber,99941823348,thomasjustin@example.com
502,Raymond Jones MD,90357106528,bethanyroberts@example.com
503,Kenneth Bailey,81313769803,gwendolyn55@example.com
504,Shannon Henry,83919319586,cpatterson@example.com
505,Rebecca Carter,98574105319,aguzman@example.com
506,Steven Obrien,15776464273,harrisonmark@example.org
507,Dawn Patton,82786202877,utaylor@example.org
508,Brett Barnes,59115461153,nicholas51@example.org
509,Shelby Brown,74230417147,jacqueline18@example.org
510,Kristin Pearson,51799523255,robinanderson@example.com
511,Michael Johnson,38140869098,phillip95@example.com
512,Cynthia Ramirez,41061759930,donald19@example.net
513,Stephen Craig,57866717692,tgibson@example.net
514,Charles Welch,99850245239,christina34@example.net
515,Courtney Ross,26185640864,jjohnson@example.com
516,Matthew Ramirez,91602034123,kennethdavis@example.com
517,Jeffrey Rogers,85763836335,gregory03@example.net
518,Joseph Shea,15088126077,ladams@example.com
519,Maria Tate,59833946840,davidmartinez@example.org
520,Julie Alexander,53959987781,thart@example.com
521,Laura Carlson,26612596582,joycestephenson@example.org
522,Christian Brown,79414777492,jeromearellano@example.org
523,Samantha Reeves,74176822595,michael09@example.net
524,Henry Espinoza,48747244210,manthony@example.net
525,Gwendolyn Simmons,92032488557,grantbrandon@example.com
526,Marcus Moore,77967287100,rachel70@example.org
527,Christopher Lewis,95404631453,suzanne36@example.net
528,James Poole,13107410114,russell70@example.net
529,Christopher Rodriguez,83616847585,brandimason@example.net
530,Heather Baker PhD,73947902492,crawfordcarrie@example.net
531,William Brown,15264632266,llee@example.com
532,Robert Wang,83888411536,imaxwell@example.org
533,Brandon Clay,65679305869,crystalsmith@example.com
534,Mitchell Robinson,87127114246,alexanderpatrick@example.com
535,Rachel Hall,87981223474,joseph46@example.org
536,Vanessa Lyons,37766615547,lorimoreno@example.com
537,Joseph Herrera,58945664345,nicolesolis@example.net
538,Kimberly Walsh,52211613323,andrea10@example.net
539,Joshua Nelson,56375553443,michael68@example.com
540,Robert Graves,61810970307,henrymary@example.com
541,Lauren Moses,11775186898,adamserin@example.net
542,William Rodriguez,19909374343,leechristopher@example.com
543,Tyler Butler,13204739903,anthonynancy@example.com
544,Dr. Alexandra Collins,49391349621,joyjohnston@example.net
545,Charles Peterson,97122075319,joseph81@example.org
546,Heather Rodriguez,75550824338,chavezmatthew@example.com
547,Lucas Peck,83395826363,daniellestewart@example.net
548,Patricia House,73991679048,velazquezbryan@example.com
549,Paul Castillo,77352789468,villanicholas@example.net
550,Shaun Price,56614794284,vgreen@example.com
551,Daniel Duran,78240735494,jefferyortiz@example.com
552,Sharon Henson,90234322453,lopezabigail@example.com
553,Briana Mcconnell,16648460483,rachael62@example.net
554,Cassandra Salinas,61683470140,allennorton@example.net
555,Scott Hays,58848843564,emiles@example.com
556,Brian Walker,41221501300,jonathanharris@example.com
557,Tracy Ford,90530704161,ehammond@example.com
558,Mark Neal,81565815457,zacharyacosta@example.net
559,Johnny Martinez,99427091511,gibsonedward@example.org
560,Richard Smith,41655029841,eshepard@example.net
561,Michael Walton,39572174967,joseelliott@example.com
562,Victoria Williams,65161964722,grahamkarl@example.org
563,Gabriel Rivera,16380156005,barbaramccormick@example.org
564,Timothy Ashley,61865489009,hcarpenter@example.net
565,Jane Moreno,50016365925,natashamiller@example.com
566,Michael Novak,47843012736,calvarado@example.net
567,Autumn Benson,37059318815,marthanguyen@example.net
568,Jesus Strong,44074310366,amandacastro@example.com
569,Mikayla Mann,78628456109,riosjames@example.com
570,Lori Krueger,31923567247,jespinoza@example.net
571,Anthony Carter,65747075666,danielle85@example.org
572,Joshua Williams,23179780290,lawsonashley@example.org
573,Megan Brennan,22127604127,hmoon@example.org
574,Rachel Reeves,83948528571,melissacollins@example.net
575,Nicole Cook,37465880388,gregorywhite@example.org
576,Brandi Chapman,12681745925,llopez@example.net
577,Katie Henderson,90657441165,zwalters@example.org
578,Jesse Tate,99258142928,yvonnemooney@example.com
579,Joshua Miller,56616838263,pbutler@example.net
580,Dr. William Edwards,91652787054,schmidtbrittany@example.net
581,David Armstrong,96682758548,alisongarcia@example.com
582,Tyler Christensen Jr.,71504042510,suzanne35@example.net
583,Shawn Williams,35682737973,edward55@example.net
584,Jessica Wright,33197013726,victoriajones@example.net
585,Susan Hill,48231760568,heidi65@example.org
586,Sierra Mitchell,58978848674,reyesmaureen@example.net
587,Carlos Johnson,80305319182,clarkkelly@example.org
588,Clayton Pearson,17154339895,hermanwilliam@example.org
589,Cindy Brown,76990445561,jeanette06@example.net
590,Bruce Frost,84791392506,douglaswilliam@example.net
591,Alyssa Fisher,18611686526,chad75@example.org
592,Lindsey Martinez,68769597895,gbrooks@example.net
593,Sheryl Thomas,90817884531,madams@example.com
594,Aaron Griffin,31012023009,meganjones@example.org
595,John Welch,79122838001,spugh@example.org
596,Brian Smith,72845010321,meredithrobles@example.org
597,Stephanie Smith,79042114059,gmitchell@example.org
598,Debra Smith,28178220059,hilldarren@example.org
599,Diana Byrd,48566068704,sharonwilliams@example.net
600,Natalie Clark,33499682019,laurathomas@example.org
601,Melissa Sanchez,75427715089,brianchavez@example.com
602,Wendy Paul,78207037026,sheilahall@example.net
603,Frank Hall,83341814600,drewmitchell@example.org
604,Adam Phillips,93942746336,kennedymark@example.net
605,Selena Mccullough,60879852182,josephhernandez@example.com
606,Cynthia Cruz,36976483406,matthewwilson@example.org
607,Brenda Wolf,95149301950,cshort@example.org
608,David Woodard,34794606457,kaylacrawford@example.com
609,Lisa Ramos,85192885657,michaelhall@example.net
610,William Ball DDS,97962648380,ksanchez@example.org
611,Linda Ford,38774296148,john44@example.org
612,Alan Martinez,20812740068,mosleyadam@example.net
613,Brandon Miller,56623640349,cdudley@example.net
614,Amy Cruz,91958404429,cindy43@example.org
615,David Sparks,35745822679,williamsonmatthew@example.net
616,Christine Burke,54420074500,robert45@example.com
617,George Johnson,14061676259,ryangoodwin@example.org
618,Joshua Kim,15227008831,gfloyd@example.org
619,Jamie Ellison,64051795508,terri27@example.org
620,Charles Ross,79211601434,brian19@example.org
621,Ashley Davis,97599710813,fmontgomery@example.org
622,Vanessa Hunt,91198136953,aaroncollins@example.com
623,Manuel Lawson,23149445522,andrewruiz@example.com
624,Sherry Bradley,14084146457,angelamartinez@example.net
625,Carolyn Clark,87073569855,earlpugh@example.com
626,Monica Scott,26096980889,lflores@example.com
627,Terri Morrison,99430275572,thomas14@example.net
628,Stacy Krueger,56624896799,joneskim@example.org
629,Christina Cole,79481532156,brandonwilliams@example.net
630,Alicia Henderson,59061857498,jessicafowler@example.com
631,Ryan Larson,83298634023,eugene59@example.org
632,Stephen Mack,73248481343,jennifer00@example.net
633,Elizabeth Andrews,24833028309,jacqueline04@example.org
634,Margaret Jackson,38624407088,michelle08@example.com
635,Shannon Malone,49532653717,fferrell@example.com
636,Jeffrey Barnes,54156654750,christopher00@example.org
637,Joseph Carr,52011480829,jesse47@example.net
638,Mrs. Connie Arnold,74864864007,chunter@example.com
639,Jay Mccoy,92272047889,buckleyjennifer@example.net
640,Christopher Hernandez,90895720856,victorvalenzuela@example.net
641,Robert Powers,49033545548,benjamin97@example.com
642,Michael Moore,27108519629,angelawebster@example.net
643,Nancy Gibson,19722143428,bbrown@example.com
644,Jimmy Davis,92417743025,teresa52@example.net
645,Megan Kennedy,29314126244,choffman@example.net
646,Matthew Sutton,25962994931,singletonmichael@example.com
647,Julie Moore,60677024695,greensophia@example.net
648,Steven Gardner,40504249275,stephaniewilson@example.org
649,Regina Grimes,12065382178,eallen@example.com
650,David Riddle,97253615045,aaronhiggins@example.com
651,Mr. Eric Gray,15821794336,keithmorales@example.com
652,Amanda Zimmerman,94914245388,ibarrajohn@example.net
653,William Noble,95385445339,matthew75@example.com
654,Mary Dunn,81678882299,jodi56@example.org
655,Christina Acosta,98111900269,brian80@example.net
656,Jennifer Martinez,33003314949,michael10@example.net
657,Wanda Romero,34210584029,richardsana@example.net
658,Margaret Adams,27140794562,christopherraymond@example.net
659,Cynthia Huber,76725342065,farmermary@example.org
660,Traci Simpson,42134422234,suzanneoconnor@example.net
661,Zachary Hoffman,74427194382,teresacruz@example.org
662,Heather Singleton,80803813467,hosierra@example.net
663,Christina Lopez,69843668351,kaylamorrow@example.org
664,Karen Irwin,80400870023,brownzachary@example.com
665,Phillip Simpson,63291962503,jared50@example.net
666,Michael Cook,74023706672,jmartin@example.org
667,Wendy Wells,34532431012,tanya76@example.net
668,Deborah Robinson,37718056402,wbishop@example.net
669,Anna Garcia,53592104684,leelori@example.net
670,Monique Martinez,74072990649,ralphwilliams@example.com
671,George Martinez,85491481755,rosebethany@example.com
672,Melvin Daniels,62497393440,linda39@example.org
673,Alexandra Crosby DVM,30969709754,taylor02@example.net
674,Amy Galloway,32175430572,qcook@example.com
675,Jeffrey Vasquez,77896028084,tonya79@example.org
676,Tammy Lawson,91949523234,jasonfuentes@example.net
677,Christopher Warren,55937409434,yosborn@example.org
678,Javier Benton,98777719881,thomasdiaz@example.org
679,Amanda Walker,16903592580,kathyjohnson@example.com
680,Carol Mathis,87629373196,lvance@example.org
681,Nicole Barker,38418918604,allenkeith@example.com
682,Susan Gutierrez,70697904004,fduran@example.org
683,Travis Reed,84496355160,shafferkayla@example.net
684,Robin Gonzalez,38053883313,suzannehess@example.net
685,Jeffery Bryant,59930702924,alyssa51@example.net
686,Lauren Davis,48382650053,wilsonchristopher@example.net
687,Rachel Butler,25393952466,alexanderheather@example.com
688,Cynthia Carey,23111681407,jenkinsmichelle@example.org
689,Lisa Glass,16530650609,justin63@example.org
690,Colin Snyder,94455161576,gallegosrobert@example.net
691,Phyllis Sanchez,54564637146,sara29@example.com
692,Christopher Jones,89809011058,john50@example.org
693,Deanna Odom,84383608744,kylerodriguez@example.net
694,Connor Stephens,32057867145,burchtheodore@example.com
695,Zachary Cooper,73479479718,gomezmelanie@example.com
696,Kenneth Mendez,26239920150,travissims@example.com
697,Gerald Evans,61328735597,deborah22@example.org
698,Elijah Collier,56896384073,ojohnson@example.net
699,Dr. Kimberly Walters,48521381721,kstephens@example.com
700,Jacob Carter,42170253012,lindayoung@example.com
701,Greg Moran,13773736107,obrooks@example.net
702,James Gutierrez,77811856368,raymondscott@example.net
703,Joanne Gomez,82297514407,snyderbrenda@example.com
704,Kirsten Griffin,90345970190,youngalec@example.net
705,Kimberly Orozco,70173088545,petersonjulia@example.org
706,Angela Pugh,96303615814,brittanycopeland@example.org
707,Ryan Chapman,52116559081,elizabeth71@example.org
708,Thomas Howard,57046241965,tonyhunter@example.org
709,Darlene Mclaughlin,17072873679,rebecca53@example.net
710,Angela Morris,47572102704,janetsherman@example.com
711,Jonathan Fry,79895380820,xbradley@example.com
712,Jason Williams,95764613533,aanderson@example.net
713,James Owen,64844819980,erickelly@example.org
714,Paula Gentry,15272470809,mcfarlandjeffery@example.net
715,Anthony Miller,48854879265,whitekristin@example.com
716,Kim Ware,18598894800,stanley38@example.net
717,Joshua Gonzales,68241932858,caroline19@example.com
718,Debra Robertson,83011225280,robertcoleman@example.com
719,John Moss,15981697868,yclarke@example.org
720,Tyler Lopez,80207278297,timothy54@example.net
721,Laura Pittman,83653415440,james94@example.com
722,Shannon Robinson,74841208722,iperry@example.net
723,Christine Chang,61467755812,wardlaura@example.net
724,Cheryl Thomas,59755570475,vsmith@example.net
725,Marc Osborn,49028386264,lauramann@example.net
726,Katie Johnson,95708157426,olsonbrian@example.net
727,Brandon Brown,21065441599,jamesmartinez@example.org
728,Alyssa Rogers,34164927769,richardsondaniel@example.com
729,Derrick Nichols,90487029032,vickijimenez@example.org
730,Kurt Shepard,40989066713,carolyn17@example.org
731,Mackenzie Lang,57707377620,katherinecabrera@example.net
732,Kiara Olson,56620652986,iestrada@example.com
733,Jennifer Martinez,56961210096,andrewjames@example.net
734,Patricia Nguyen,28425468333,brooksernest@example.com
735,Alicia Armstrong,14659185631,johnsonjason@example.com
736,Travis Whitehead,57092746802,alexisstevenson@example.net
737,Natalie Nelson,35894313387,hsanford@example.net
738,Kelsey Fowler,50443172174,njones@example.org
739,Tim Santos,12784198513,wanderson@example.org
740,Tanya Sanchez,11286869301,gmoss@example.org
741,Carolyn Williams,63433639300,susan67@example.com
742,Michael Rivas,35429666438,yschmidt@example.net
743,Dominique Peck DDS,68924139520,kevinkim@example.org
744,Anthony King,74148467993,whitney95@example.org
745,John Calhoun,48953107235,ricky97@example.com
746,Tamara Young,64374778002,eryan@example.org
747,Debra Holmes,45159519459,shawnadams@example.net
748,Ronald Diaz,59347569501,scottsantiago@example.org
749,Rebecca Nixon,92405328561,jennifer71@example.com
750,Duane King,26612581079,allencharles@example.org
751,Valerie Hall,77236856835,nicholas90@example.org
752,David Gillespie,36042090940,troyjones@example.net
753,Richard Hawkins,76743121247,ryan84@example.net
754,Ashley Petty,79433237762,websterrebecca@example.org
755,Melissa Stout,18145512216,daniellewatson@example.com
756,Carol Winters,90985803051,christopher03@example.com
757,Albert Alvarado,66352264912,megan53@example.com
758,Gabriel Perez,16885664998,stephaniemendoza@example.net
759,Sarah Ramsey,58594960156,margaret15@example.com
760,Jessica Willis,86605153428,anthonyali@example.com
761,Stephen Smith,52956205453,karen54@example.net
762,James Rhodes,35989775811,johnsimpson@example.net
763,Bailey Clarke DDS,26546373195,georgeatkinson@example.net
764,Martin Evans,65587391579,daniel26@example.net
765,Roberta Thomas,71851811198,blankenshipkendra@example.com
766,Ana Kim,14937593203,jennifer15@example.com
767,Kathleen Duncan,87636316765,hillgrant@example.net
768,Michelle Thomas,74485590268,duartetanya@example.com
769,Angel Ross,68007799028,sullivandennis@example.org
770,Eric Nelson,24676427121,fernandezthomas@example.net
771,Rebecca Pham,37485600038,qsmith@example.net
772,Jackie Frey,31064628747,kelleycraig@example.net
773,Katie Preston,15671180961,laranicole@example.org
774,Dennis Fowler,60129690388,trogers@example.com
775,Andrew Carroll,31097285779,james71@example.com
776,Tiffany Brady,19100228892,omoore@example.net
777,Ashley Mckee,57138620883,parkerroger@example.org
778,Joshua Hart,42707127322,reginaldwhite@example.net
779,Laura Herrera,66113923446,yspencer@example.org
780,Kayla Johnson MD,20528999765,dbooker@example.org
781,Mario Stewart,63662945583,schultzrebecca@example.com
782,David Browning,15214095024,monique66@example.org
783,William Munoz PhD,64638793533,alan70@example.com
784,Sandra Castro,91627966804,brandon67@example.org
785,David Wood,40950912067,joshuapierce@example.com
786,Adrian Hodge,57689833681,landrykaren@example.org
787,Joshua Morris,96456026591,whitelinda@example.net
788,Martha Waller,58360679020,bauerrichard@example.org
789,Russell Carroll,53030073910,walkerelizabeth@example.com
790,Cindy Casey,98203313384,boylejustin@example.com
791,Daniel Garcia,63405485988,ryan18@example.com
792,Tyler Mcclure,51008566238,jessicaporter@example.org
793,Todd Cain,84281003080,nicole53@example.org
794,David Anderson,63292436826,briandennis@example.org
795,Sarah Castillo,47171968559,xsalas@example.com
796,Edgar Baker,92349424721,davidwood@example.org
797,Charles Terry,78953477290,curryrobert@example.net
798,Lisa Davis,87881892015,philip52@example.net
799,Jason Flores,39343512527,chowell@example.net
800,Daniel Lewis,33286526401,lbrooks@example.org
801,Samantha Harris,15144380547,terrylong@example.org
802,Daniel Alexander,73365457321,davidreyes@example.org
803,Joanne Jones,56387219384,gmiddleton@example.org
804,Jessica Davila,14896298413,robbinsmaria@example.org
805,Shelly Rivera,60781883478,cynthiahowell@example.org
806,Beverly Frye,80788348603,williamskendra@example.net
807,Meagan Middleton,51970995993,torrestamara@example.com
808,Jerry Obrien,91258296006,orrdonald@example.net
809,Benjamin Jenkins,78369941441,howardanthony@example.org
810,Gavin Thomas,69781648447,bryanweber@example.com
811,Sean Johnson,75671500024,cookheather@example.net
812,Theresa Henderson,68734579271,janetwalker@example.com
813,Matthew Meyers,92731030245,zorozco@example.net
814,Mrs. Shelia Martin,67507930104,tblankenship@example.org
815,Steven Walsh,93971947100,troy72@example.net
816,Jason Jones,53467788434,christopher76@example.org
817,Andrew House,53912200225,hollandelizabeth@example.net
818,Kelly Jenkins,74433111506,kenneth84@example.net
819,Sherry Weiss,73404576326,evansjacob@example.org
820,Amber Atkins,18806710569,garciatiffany@example.net
821,James Shah,27955755896,taylorgarcia@example.net
822,Angela Spencer,33680425916,bakermichael@example.com
823,Laura Atkinson,47403329366,cantusherry@example.net
824,Joshua Walker,32180754261,lauren33@example.com
825,Molly Hall,30997241878,caroline93@example.com
826,Jonathon Thornton,30207907118,iwaters@example.org
827,Jerry Thompson,58328186915,andrewwaller@example.com
828,Gary Johnson,73514928098,josephavila@example.com
829,Matthew Franklin,24345469415,wilkersontimothy@example.org
830,Tonya Gonzales,41218121016,mitchelljulie@example.org
831,Erin Golden DDS,98514219871,danielblack@example.com
832,Marissa Kramer,82570076449,twilliams@example.org
833,Edwin Thomas,57603745376,johnstonbrent@example.net
834,David Lopez,95951334616,wsmith@example.net
835,Isaac Hansen,95566423096,anna61@example.com
836,Tina Fields,30123545404,april73@example.org
837,Jeffrey Cox,22148946270,bensondaniel@example.org
838,Kimberly Faulkner,20712727143,christopher94@example.com
839,Gerald Wallace MD,97755093168,stoutroberta@example.com
840,Terry Gray,58448321736,maryrichardson@example.org
841,John Ramos,64762277723,melissa87@example.net
842,Cody Soto,45570010755,heathermarquez@example.com
843,Jacqueline Bell,83339254527,youngjennifer@example.com
844,Thomas Jordan,48060327941,yphillips@example.org
845,Taylor Jones,18188678325,stephaniepratt@example.org
846,Karen Fisher,42321834827,btaylor@example.com
847,Darius Holmes,87836431178,stewartbryan@example.com
848,Jennifer Tucker,83176128735,jasonkline@example.com
849,Christopher Alexander,55647990997,hardingpatricia@example.org
850,John Anderson,38602350818,sherry45@example.com
851,Jesus Brady,67433363571,lopezluke@example.com
852,Cynthia Swanson,27026333827,jimenezashley@example.org
853,Tammy Baker,88857775011,phelpsjessica@example.org
854,Carmen Parker,16760086110,xjones@example.com
855,Christopher Roth,19028375042,meagan24@example.com
856,Julie Taylor,46105909707,ashleymcclain@example.net
857,Shari Beasley,77654720129,deborah95@example.com
858,Karla Nguyen,52260531954,john54@example.net
859,Roger Hill,19998303664,ztrujillo@example.org
860,Beth Holland,56795176840,ryan65@example.com
861,Roy Waters,12955176228,jacobandrews@example.org
862,Leslie Mejia,24453504851,ukeith@example.org
863,Molly Brown,99909153828,whitneymatthew@example.org
864,Tracey Wade,58351216911,molly25@example.org
865,Frank Brooks,15982192194,corey47@example.com
866,Shelly Casey,44602269788,abaker@example.org
867,Aaron Delgado,98942326154,natalie57@example.net
868,Janice Glenn,58663816146,hillrebecca@example.org
869,Lisa Johnson,63050329171,sheltonzachary@example.org
870,Crystal Black,35050134248,xmays@example.org
871,Jacqueline Silva,83619628748,mcgeejoseph@example.com
872,Laura King,88062635748,christopherlawrence@example.org
873,Eric Carlson,33020667623,ofinley@example.net
874,Jon Brown,97735164350,guerrathomas@example.net
875,John Alvarez,37351102713,johnsonmichael@example.net
876,Kristin Best,82330225085,brandon37@example.net
877,Megan Coleman,42997276336,uruiz@example.com
878,Austin Wood,97754403393,barbara13@example.com
879,Charles Mclaughlin,64290218730,michellehernandez@example.org
880,Chloe Guzman,47732154402,mgonzalez@example.net
881,Tanner Torres,13697332000,anthony07@example.com
882,Vanessa Farrell,79729290027,omeyer@example.net
883,Lance Rodriguez,71173899060,carla48@example.net
884,Tiffany Tran DDS,85531403550,rjennings@example.org
885,Joshua Mason Jr.,66204707608,xbright@example.org
886,Jason Graves,74604292186,kristin96@example.com
887,Cathy Smith,75217762973,williamsmegan@example.com
888,Scott Holder,90931484928,nicholasnelson@example.net
889,Jennifer Davis,82640715566,matthewscott@example.net
890,Amber Brady,27763949142,silvakimberly@example.com
891,Stephanie Lopez,76019737866,carlsonnicole@example.net
892,Steven Gray,99559860493,larrybaker@example.net
893,Christina Mclaughlin,30083539285,charlesmacdonald@example.net
894,Taylor Martinez,21431385606,jamestroy@example.net
895,Alyssa Gibson,92018283126,milesstephanie@example.net
896,Tyler Koch,41387242924,qibarra@example.net
897,Crystal Griffin,84355844028,corey76@example.com
898,Rachel Monroe,89026615957,karen22@example.net
899,Maria Schultz,69178531983,cperez@example.com
900,John Steele,66504543371,zrobinson@example.org
901,Ann Scott,43639767093,dwaynecrawford@example.net
902,Mr. Derrick Robbins,83166355552,qlester@example.org
903,Jordan Robinson,48738555317,framirez@example.net
904,Amanda Schroeder,95917691086,huangjamie@example.com
905,Douglas Sanchez,86976143552,lisaford@example.org
906,Cristina Carter DDS,81840551313,renee86@example.com
907,Eric Ramos,48010420529,iduran@example.net
908,Jackie Brady,16470350362,mwong@example.org
909,Phillip Pineda,84532227876,carmennorman@example.net
910,Peter Ross,86720477736,rcastro@example.org
911,Taylor Adams,82944528693,tzamora@example.org
912,Anthony Brady,78203721663,kristy53@example.org
913,Julie Valdez,64232118174,natalie29@example.org
914,Daisy Owens,27759082443,kromero@example.net
915,William Anderson,22872817606,jjones@example.org
916,Miguel Galvan,20821002118,michelle62@example.org
917,Andrew Hopkins,77453919562,hunterjacob@example.com
918,Kelly Herrera,79240700958,phelpsgary@example.net
919,Daniel Mendez,75643920736,joharmon@example.com
920,Lauren Mcpherson,22453424350,sallycarter@example.com
921,Alexander Bean,32467427082,jerryhaney@example.org
922,Melissa Hicks,39247337068,wdavidson@example.org
923,Robert Patterson,38501521819,gregory83@example.org
924,Peter Keith,44653600988,meyerangela@example.net
925,Kathleen Moreno MD,11280775395,rebeccaking@example.org
926,Mrs. Dawn Clark,48968571023,hallkevin@example.net
927,Alan Velez,85151235798,dscott@example.com
928,Teresa Cruz,25566499444,scottnatalie@example.net
929,Kyle Bates,23707560193,acastillo@example.com
930,Donna Price,89426532194,trivera@example.com
931,Austin Webb,38016486621,garybecker@example.org
932,Rebecca Conway,47461382182,scott26@example.com
933,Becky Mullins,62475480057,erika22@example.com
934,Sarah Thomas,50822459038,beltrankaren@example.com
935,Tanya Salazar,31314140367,audrey18@example.net
936,Charlene Bird,94805676185,kellyemily@example.com
937,Louis Ramirez,68161291244,charles64@example.com
938,Jessica Gill,56730085786,mcbrideaudrey@example.org
939,Richard Solomon,71850708221,andrew66@example.org
940,Vincent Lopez,21523686189,qthomas@example.org
941,Steven Schultz,35249557539,pfuller@example.org
942,Jordan Clark,96921932370,knguyen@example.com
943,Dawn Cunningham,97779580901,elaine69@example.com
944,Kristen Thomas,23790404709,yking@example.com
945,Michael Todd,96756689480,megan47@example.org
946,Anita Miller,79491456774,vhumphrey@example.org
947,Melissa Harmon,43779345203,dickersonsamantha@example.org
948,Sheila Harrison,56790221342,phayes@example.com
949,Mathew Johnson,17594546638,richstephanie@example.com
950,Dustin Webster,56079115866,uhamilton@example.net
951,Willie Nelson,62786798766,kaylee71@example.com
952,Chelsea Robertson,24923069260,sharon82@example.org
953,Joseph Carrillo,84863569749,zachary42@example.org
954,Joyce Cole,21271579780,pmorales@example.net
955,Angela Gross,93522384135,larryroth@example.com
956,Christopher Watson,28124736939,deborah31@example.org
957,Karen Herman,90532943199,ericcollins@example.org
958,Joanne Calhoun,26198390465,matthewstrickland@example.com
959,Jonathan Turner,84693150692,sheila86@example.net
960,Rhonda Lawrence,35462251188,emilykelly@example.net
961,Nicholas Acosta,30441207886,xlee@example.org
962,Troy Stephens,31257914665,josephcline@example.net
963,Vanessa Glover,38415672664,williambarr@example.com
964,Kelly Lee,25607212139,juliamartinez@example.com
965,Robert Morris,31964476982,ryan94@example.org
966,Sandy Chapman,68732053523,kruegerrebecca@example.org
967,Annette Chavez,77665998364,denisewaters@example.org
968,Ethan Delgado,13847549874,ewright@example.net
969,Michael Walker,31081724316,lauracarroll@example.com
970,Allison Williams,69325304222,srodriguez@example.org
971,Claudia Rodriguez,46227660954,derrick92@example.org
972,Wyatt Brown,57627468476,bradley73@example.com
973,Robert Cooley,83690218490,jamesjones@example.com
974,Desiree Bishop,89580925580,aortiz@example.com
975,Tyler Wells,14747590788,wisekari@example.org
976,Patrick Rivera,48060599488,jasondavis@example.org
977,Chris Welch,89079669304,moraleslorraine@example.net
978,Jeffrey Miller,80658363483,carrollcarol@example.net
979,Anthony Howe,15445287009,garciajacob@example.net
980,Nicholas Davis Jr.,31683052092,timothy29@example.org
981,Christopher Thomas,36599490063,rodrigueztheresa@example.com
982,Mr. Edward Martinez,74492886311,jeffrey85@example.org
983,Brandi Aguilar,25841497782,robert60@example.com
984,Carolyn Davis,18677599963,ysims@example.net
985,Yvette Miller,70770869002,jessica11@example.org
986,Shannon Chandler,23147892638,ejackson@example.net
987,Robert Martin,79039184006,teresa29@example.net
988,Mark Bryant,43961753089,catherinebryant@example.com
989,Jonathan Graham,71160722457,singletonkaitlyn@example.org
990,Tristan Anderson,81989208853,theresahuynh@example.net
991,Joseph Caldwell,43390775845,michaelkelly@example.net
992,Ashley Kelley,36863354005,melanie41@example.net
993,Crystal Smith,22854041035,johnsonjason@example.net
994,Susan Williams,58607009579,buckapril@example.net
995,Leonard Davis,70392733789,stanley09@example.com
996,Kaitlyn Martinez,34928343624,michelle37@example.net
997,Juan Davis,59267908712,dodsonmichael@example.com
998,Chris Rodriguez,22178996322,cabreramark@example.org
999,Eugene Castillo,30426028916,philip67@example.org
1000,Matthew Houston,70755530418,ejohnson@example.com
