endereco_id,cliente_id,rua,cidade,estado,cep
1,1,4782 Carl Turnpike,Estradaburgh,Nevada,86109
2,2,14726 Amy Village Suite 335,North Melissaberg,Wisconsin,70409
3,3,5416 Jason Ville Apt. 205,Georgehaven,Alabama,96860
4,4,86252 Patricia Mount,New Timothy,Virginia,35184
5,5,18051 Ian Field,South Daniel,Tennessee,60530
6,6,204 Samantha Trafficway Apt. 831,South Theresa,Oregon,68715
7,7,6023 Mark Station Suite 489,Lake Raymondview,South Dakota,45173
8,8,9254 Richard Turnpike Apt. 265,West Bridget,Montana,88153
9,9,3659 Fuller Dale Suite 992,Robinsontown,Missouri,20406
10,10,2602 Jacob Island,Marcusborough,Massachusetts,03041
11,11,67269 Katherine Ridges Apt. 080,Petersonchester,Colorado,15397
12,12,160 Reynolds Trafficway,Powellside,Oklahoma,90907
13,13,1172 Castro Inlet Suite 945,North Theresa,Florida,94350
14,14,95147 Priscilla Run Apt. 113,North Nicholas,Oregon,86936
15,15,77369 Gallagher Ramp,West Josephside,Michigan,53053
16,16,8916 Tina Unions Apt. 384,Lewisbury,Arkansas,76014
17,17,92121 Nathaniel Cliffs,Petersonmouth,South Dakota,14806
18,18,97191 Brenda Turnpike Apt. 838,South Derrick,Missouri,06676
19,19,69780 Roberts Summit,Justinland,Pennsylvania,92817
20,20,212 Gentry Lock,Port Nicoleton,Texas,17958
21,21,28165 Carpenter Summit Apt. 921,Tylermouth,New Hampshire,11438
22,22,2427 Scott Trail,Mccarthyton,Utah,16563
23,23,866 Watson Grove Apt. 894,Tylerfurt,Tennessee,99078
24,24,3276 Watkins Fall Apt. 134,West Victoria,Indiana,92812
25,25,1727 Meghan Motorway,Riveraborough,Maine,71132
26,26,22287 Thomas Oval,South Jamesfurt,Pennsylvania,38726
27,27,24607 Ashley Junctions Apt. 677,Andersonborough,Colorado,52811
28,28,9590 Green Fall,Lake Tinaborough,Montana,27922
29,29,98806 Burns Dale,North Joseph,Tennessee,41242
30,30,4148 Alvarez Station Apt. 638,Lake Richardville,North Carolina,46093
31,31,2532 Rebecca Squares,Websterfurt,Mississippi,51160
32,32,223 Caldwell Creek,East Nicoleburgh,Minnesota,86783
33,33,396 Savage Terrace Apt. 178,Lake Christine,New Hampshire,00618
34,34,186 Richardson Manor,Port Carolyn,Alabama,45924
35,35,3002 Angelica Cove Apt. 512,Schneiderburgh,Kentucky,96813
36,36,569 Eric Well,Brandonchester,New Jersey,01297
37,37,28437 Rosales Flat,Friedmanstad,Idaho,69891
38,38,21962 Franklin Mountains Suite 178,South Joshua,New Jersey,40118
39,39,9005 Bernard Mews,East Rodney,Hawaii,18191
40,40,965 Carlos Bridge,South Deborahchester,South Carolina,19607
41,41,807 Roman Creek,Johnsonberg,Nevada,28192
42,42,406 Christopher Court,Lisabury,Illinois,86756
43,43,990 Reilly Motorway,Lake Stevenborough,Wyoming,73255
44,44,90464 Lori Corners,Sandramouth,New Jersey,34329
45,45,0323 Arnold Creek Apt. 794,North Kathychester,Montana,64129
46,46,367 Joseph Viaduct Suite 947,Cameronhaven,North Dakota,46629
47,47,69290 Collins Mountains Suite 855,Nguyenmouth,Utah,93784
48,48,793 Vicki Village,North Cynthiaton,Iowa,86679
49,49,34400 Theresa Parkway,Espinozaberg,Indiana,28878
50,50,77453 Chad Ford Apt. 827,Lake Edwardstad,Louisiana,82367
51,51,59020 Holly Brook Suite 240,Port Timothyburgh,Connecticut,68949
52,52,473 Mcclure Junctions,Lake David,Texas,89142
53,53,624 Burgess Plain,Evanland,Maine,42751
54,54,204 Gonzalez Canyon Apt. 886,West Daniellefurt,Illinois,61737
55,55,6189 Ronald Crossroad Suite 911,New Randyhaven,Utah,62915
56,56,788 Brown Junction,Maryberg,New York,82339
57,57,20081 Cassandra Walks,South Samuel,Arkansas,16818
58,58,796 Tate Ridge Suite 316,Nguyenland,New Mexico,99877
59,59,02148 Amanda Mission Apt. 678,West Jack,Georgia,31633
60,60,139 Elliott Skyway Apt. 219,Lake Jeffrey,Louisiana,05611
61,61,618 Scott Divide,Heidimouth,Indiana,43766
62,62,30753 James Points Apt. 906,Port Cassandraside,Alabama,78916
63,63,5382 Beck Island,Ashleemouth,West Virginia,90328
64,64,792 Michael Trail,Charleshaven,New Hampshire,64321
65,65,7539 Burke Row,Lake James,Arizona,26232
66,66,3350 Sanchez Expressway Apt. 993,East Vickiborough,Idaho,82023
67,67,93119 Waller Mount Apt. 381,Scottfort,Montana,18310
68,68,17817 Heather Circle,North John,Mississippi,96644
69,69,2182 Joseph Parkway Suite 382,Port Oscarmouth,Idaho,38903
70,70,4394 Lee Haven Suite 498,North Michael,Mississippi,13551
71,71,35587 Wallace Islands Suite 683,Joneston,Kentucky,81240
72,72,4364 Hudson Shores,Marcusmouth,Wyoming,19614
73,73,986 Robinson Lodge Suite 508,East Lisastad,Virginia,85598
74,74,887 Russell Spurs Apt. 962,North Benjamin,Vermont,96155
75,75,003 Jones Branch,West Michael,Arkansas,25422
76,76,898 Jason Mountains Suite 602,West Ericport,Maryland,86780
77,77,0265 Daniel Underpass Suite 915,Jennifermouth,Minnesota,24651
78,78,376 Elizabeth Brook,Brownmouth,Rhode Island,99599
79,79,7206 Caldwell Lakes,Clementshaven,Georgia,73948
80,80,666 Oneal Dam Apt. 419,West Ashley,New Mexico,60548
81,81,76491 Tamara Track Suite 576,South Nancychester,Georgia,67044
82,82,0119 Crawford Parkway Apt. 318,South Charlestown,Tennessee,37054
83,83,3049 Gilbert Highway Apt. 985,Port Jasonfurt,Arkansas,30638
84,84,2238 Fitzgerald Mills Suite 025,Michaelfurt,Kentucky,26542
85,85,23668 Wilson Skyway Suite 570,South Justin,New Mexico,03548
86,86,99836 Natalie Valleys,Josephville,Ohio,70827
87,87,688 Guy Overpass,West Thomasmouth,Vermont,43522
88,88,4764 Peggy Fords,Emilyland,Iowa,18790
89,89,2869 Matthew Mission,Jeanneton,Vermont,81659
90,90,220 Reynolds Mountain,West Andrea,Oregon,11915
91,91,53382 Holly Squares,Nicolefort,Florida,79707
92,92,19779 Jenkins Corner,Michaelland,Alaska,27631
93,93,31961 Delgado Centers Apt. 185,South Katherine,Rhode Island,56370
94,94,51130 Ward Greens,South Deborah,Vermont,77619
95,95,217 Wood Groves Apt. 252,Josephberg,Tennessee,18816
96,96,964 Michael Drive,Michealchester,Wyoming,47373
97,97,64921 Dixon Stream,Dixonland,Hawaii,84755
98,98,7285 Larsen Field Suite 252,Fuenteston,Hawaii,81202
99,99,2241 Megan Glen Suite 548,South Wendyburgh,South Carolina,01921
100,100,3434 Ashlee Camp,Elizabethville,Colorado,39030
101,101,39858 Michelle Ramp,East Jerryside,Vermont,91670
102,102,923 Parker Summit Suite 352,Port Jakeshire,Nevada,17693
103,103,5909 Charlene Highway Apt. 145,Lake Tammyland,Alaska,36015
104,104,3938 Walters Lock,Wheelerberg,Nebraska,15392
105,105,6329 Martinez Road Suite 531,South Jamesmouth,Massachusetts,10024
106,106,688 Gutierrez Shore Suite 255,Nicoletown,Washington,45217
107,107,149 Brittany Expressway Suite 861,Victoriaport,Minnesota,76242
108,108,692 Karen Mountain,Williamfort,Maryland,45880
109,109,2894 Tony Island,South Aaronfort,Massachusetts,41504
110,110,70447 Norris Roads,Port Toddtown,Massachusetts,82000
111,111,2405 Christopher Key,Lake Miguelshire,Illinois,03064
112,112,05453 Spence Mountain Suite 330,Codyview,Alaska,53300
113,113,183 Jerry Harbors Suite 275,East Julie,Massachusetts,25313
114,114,93096 David Lane Apt. 673,North Chelsea,Colorado,37687
115,115,1551 Cook Curve,East Cristinashire,Indiana,26955
116,116,01892 David Flat Suite 460,Laurenhaven,California,86584
117,117,3186 Smith Locks,Lake Christinafort,Montana,35142
118,118,3044 James Mission Apt. 197,North Scottfurt,Nevada,27387
119,119,568 Mclaughlin Locks Suite 279,Harrisonstad,Missouri,83464
120,120,5167 Tammy Flat Suite 924,Dennisland,Missouri,04434
121,121,451 Daniel Spring Apt. 497,Lake Cameronburgh,North Dakota,01504
122,122,9717 Fry Overpass Apt. 171,West Robertland,Iowa,44376
123,123,103 Loretta Trail,Port Josephview,Alaska,50983
124,124,30370 Watts Glen,Michaelmouth,Maryland,55314
125,125,424 Nicole Walks Suite 071,North Brandon,North Carolina,85540
126,126,751 Stone Street Suite 568,Lake Nicholas,Louisiana,80633
127,127,225 Glen Village Apt. 549,North Sharonhaven,Washington,62210
128,128,4332 William Alley,Birdport,Nebraska,28319
129,129,9163 Jenkins Court,Port Julie,Louisiana,56287
130,130,253 Karen Pine,Deniseport,Missouri,23329
131,131,9602 Matthew Pines,East Jill,Iowa,43356
132,132,37533 Lee Gateway Suite 779,Dustinbury,Rhode Island,85404
133,133,0198 Kelly Ridge Suite 670,Karenfurt,New York,10326
134,134,475 Julie Estates,North Andrea,Ohio,02026
135,135,435 Howard Cove,Markside,Utah,01523
136,136,45687 Alicia Mills,Port Crystal,Kentucky,75951
137,137,118 Pam Coves,Port Rhonda,Massachusetts,95166
138,138,4223 Ward Lane,New Christopher,Louisiana,93869
139,139,69157 Patrick Dale Apt. 893,South Jason,Illinois,76872
140,140,799 Lara Path Suite 190,Mendezbury,Wyoming,36093
141,141,9222 Spencer Forges Apt. 065,New Marissabury,Arkansas,49819
142,142,8543 Sean Meadows,Kingport,Maine,07761
143,143,42373 Gould Loop,Murphyshire,Georgia,55957
144,144,84101 Lewis Knolls,East William,New Hampshire,48153
145,145,3448 Jeanne Island,New John,Alaska,40407
146,146,8490 Diana Road Suite 976,Collinsbury,Delaware,55056
147,147,6264 Kevin Creek,East Elizabethbury,Utah,38443
148,148,1529 Robinson Islands,East Heathermouth,South Carolina,77502
149,149,119 Brian Stravenue Apt. 886,Dustinmouth,Connecticut,90419
150,150,459 James Gardens Apt. 476,Port Scottfurt,Wyoming,30673
151,151,608 Courtney Summit Suite 060,South Matthew,New Jersey,36948
152,152,9918 Lynn Trafficway Apt. 036,Richardstad,New Jersey,83703
153,153,633 Kristen Street,West Christopher,Wyoming,49831
154,154,9615 Rodgers Viaduct,Lake Caroltown,Washington,01946
155,155,85879 Mitchell Vista,Port Victoria,Ohio,80843
156,156,3746 Cynthia Via Suite 574,Lake Briana,Iowa,68531
157,157,1949 Mary Parkway Suite 019,Port Michellemouth,Maine,98432
158,158,8695 Kristin Summit,North Lawrencemouth,New York,93490
159,159,747 Salazar Hollow,Lake Rebecca,Massachusetts,21130
160,160,15747 Avila Roads Apt. 771,East Michelleburgh,Colorado,67192
161,161,347 Curry Parkways Apt. 776,Wattsport,Idaho,11403
162,162,57790 Barbara Throughway Apt. 828,Port Joshuaburgh,Maryland,57339
163,163,7642 Mason Path,Port Michelleshire,Hawaii,01800
164,164,367 Cook Mission,Sparksmouth,Arkansas,88600
165,165,557 Powers Expressway,Kathleenfort,Massachusetts,18070
166,166,240 Miller Fields,Laurachester,Pennsylvania,36530
167,167,1003 Williams Street,Port Rebecca,Oklahoma,17268
168,168,18717 Christopher Locks,Hayesbury,Massachusetts,41056
169,169,5688 Bailey Roads,South Steve,Kansas,80704
170,170,4000 Austin Expressway,Lake Meganland,Wyoming,28525
171,171,7964 Andrea Garden Suite 608,South Michaelmouth,Texas,43400
172,172,81929 David Glens,East Sheilaside,Maryland,64028
173,173,16044 King Neck Apt. 227,Barrview,Montana,95681
174,174,50393 Smith Trafficway,North Tylerchester,Iowa,46704
175,175,58089 Henry Hills Apt. 311,Lake Nicholasview,Maryland,65863
176,176,141 White Point,Fryland,Mississippi,62295
177,177,7996 Cody Track Suite 195,South Sarah,Kansas,35090
178,178,657 Moss Junction Suite 051,Port Carolynside,Alabama,53309
179,179,222 Monica Lake Suite 989,Chrishaven,Missouri,22181
180,180,6196 Hernandez Greens,North Michael,North Dakota,25467
181,181,182 Nicholas Track Suite 200,North Johnshire,Alaska,49489
182,182,5061 Jacob Path,East Ana,Delaware,45721
183,183,413 Ashley Overpass,Jamesberg,Alabama,26763
184,184,061 West Curve Apt. 997,Greeneborough,Hawaii,41283
185,185,2569 Johnson Skyway Apt. 556,New Jacob,Idaho,02040
186,186,5694 Michael Plaza,Matthewfort,West Virginia,96430
187,187,00881 Tommy Center,Hurleyborough,South Carolina,85218
188,188,1548 Rachel Fort Suite 221,Lake Danielle,Wyoming,82226
189,189,417 Porter Mill,Goodmanhaven,Pennsylvania,77176
190,190,6832 Shelly Views Apt. 580,West Cassandra,Alabama,49273
191,191,105 John Burg,Lake Edward,Pennsylvania,92978
192,192,78238 Kathleen Track Suite 444,Williamsstad,Florida,52737
193,193,906 Martin Spur,West Gary,Nebraska,71347
194,194,422 Lauren Locks,Jonchester,Washington,07951
195,195,690 Wheeler Harbors Suite 675,North Anneside,Rhode Island,04869
196,196,0113 Hall Road Apt. 625,East Josephburgh,Kansas,09409
197,197,02179 Brian Points Suite 827,West Cynthiamouth,Wisconsin,32673
198,198,95160 Hammond Village,New Johnstad,Oklahoma,02172
199,199,17032 Karen Gateway,Francismouth,Indiana,03373
200,200,93060 Bartlett Street,Austinside,Delaware,74604
201,201,123 Fields Walks,Chenfurt,Illinois,35582
202,202,761 Valdez Ports Apt. 814,Martinezhaven,Alabama,87658
203,203,7742 Pitts Estate Suite 566,South Kathrynside,North Dakota,96784
204,204,47109 Valerie Lights Suite 058,New Laura,Indiana,66408
205,205,3789 Maria Court,West Ashleyton,Rhode Island,33153
206,206,3275 Melinda Loaf Suite 924,Paulafort,Maine,78242
207,207,7531 Robinson Knoll,Erikatown,Illinois,96103
208,208,462 Freeman Circles Apt. 253,South Joseph,California,24123
209,209,68042 Chapman Drive,Brendaton,Ohio,05519
210,210,803 Jamie Spurs,West Dianastad,California,74980
211,211,1498 William Track Apt. 592,Port Ambertown,Alaska,36360
212,212,8987 Reed Streets Suite 127,Bakerborough,Connecticut,50988
213,213,9501 Hernandez Highway Apt. 927,Jamesfort,Florida,40898
214,214,775 Moore Cliff Apt. 503,North Adamchester,Alaska,18114
215,215,104 Anne Terrace,New Kimberlybury,North Carolina,41267
216,216,05302 Parker Rue Apt. 432,East Christopher,Arkansas,73823
217,217,90232 Griffith Hills,South Christopherbury,Hawaii,44336
218,218,9273 Stone Mount Suite 042,Port Francisco,Mississippi,78059
219,219,14545 Austin Summit Suite 399,West Jennifer,Ohio,34825
220,220,04992 Martinez Plaza Apt. 550,Williamfort,Georgia,73079
221,221,075 Collins Mews,North Traciberg,New Mexico,39179
222,222,623 Jefferson Port,West Margaretland,Connecticut,01672
223,223,069 Isabella Street,Taylorside,North Dakota,08805
224,224,7275 Anderson Rue,Chelseastad,Nebraska,29229
225,225,4991 Wade Trace,Millerbury,New Mexico,99648
226,226,75741 Stewart Meadows,Richardmouth,Nebraska,95781
227,227,7963 Samantha Courts,Port Kristen,South Carolina,91484
228,228,574 Bartlett Springs Suite 667,Jordantown,Arkansas,59781
229,229,12869 Wilkinson Skyway Apt. 512,Lake Timothy,Arizona,15771
230,230,6832 Short Hills Apt. 246,Palmerbury,Maine,83864
231,231,2124 Alvarado Squares,Campbellbury,Louisiana,84861
232,232,617 Jennings Corner,North Gary,Minnesota,35356
233,233,382 Jessica Mills,North Johnburgh,California,47859
234,234,8857 Guerra Lane Apt. 929,Monicamouth,Wisconsin,91580
235,235,7290 Carla Center Apt. 000,Bobbyburgh,Washington,10386
236,236,78802 Tanya Vista Apt. 866,Justinfurt,Arkansas,13054
237,237,925 Ellis Freeway Suite 730,Hornburgh,Louisiana,04109
238,238,93350 Renee Gateway,Turnerland,Vermont,22877
239,239,441 Porter Fords,Perezside,Arizona,98849
240,240,087 Holt Common,Christianberg,Oklahoma,35823
241,241,381 Jessica Rapids,East Barbara,Idaho,92576
242,242,981 Young Brook Suite 530,Michelletown,Arizona,86516
243,243,949 Walker Port,Joshuamouth,Indiana,10490
244,244,687 Gary Spur,Dawsonhaven,Virginia,84143
245,245,8951 Carter Key Suite 903,Brownmouth,Delaware,46008
246,246,301 Ayala Centers Suite 930,Hineston,Ohio,79250
247,247,949 Sanders Dam Apt. 343,West Danielstad,South Carolina,07611
248,248,4625 Justin Union Suite 375,Emilyview,Wisconsin,78099
249,249,491 Ashley Dale,North Krista,Hawaii,93719
250,250,086 Campbell Bypass,Moorestad,Indiana,74384
251,251,15294 Kimberly Square Suite 657,Mandyland,Maine,47415
252,252,47307 Dunn Centers Suite 987,North Ashley,Nevada,94911
253,253,1901 Carey Pass Suite 957,Jacquelinemouth,Georgia,57403
254,254,1327 Harris Valleys,West Alexanderview,Kansas,25197
255,255,908 Ronald Crossing Apt. 397,North Matthewview,Hawaii,51643
256,256,63650 Neal Underpass Apt. 443,New Kevin,North Dakota,73953
257,257,86942 Vargas Causeway Suite 333,North Jasonburgh,Tennessee,05453
258,258,60942 Robinson Parkways Apt. 844,Port Elizabeth,Oregon,93600
259,259,66018 John Brooks,Thompsonport,Rhode Island,00583
260,260,73845 Nguyen Station Suite 045,Levyton,Utah,60121
261,261,9148 Miranda Squares,New Randy,Kentucky,83019
262,262,4984 Amy Route Suite 167,Port Henryfurt,Oregon,81656
263,263,02675 Gordon Ridge,Brendaburgh,North Dakota,72277
264,264,174 Emily Common,South James,Maine,55084
265,265,972 Daniel Valleys,South Jimmy,Indiana,92924
266,266,226 Harold Dale,West Thomasbury,Oregon,59741
267,267,176 Beck View Suite 917,North Adrienneport,Vermont,32306
268,268,053 Davis Harbor,Marshallland,New Jersey,62444
269,269,14415 William Run,Huntermouth,Wyoming,50368
270,270,8895 Adrian Expressway Apt. 178,Brittanyfurt,Kansas,80465
271,271,785 Jacob Mountain,Charlesmouth,Wyoming,91592
272,272,6102 Le Glens,West Brettchester,Ohio,93611
273,273,730 Mueller Viaduct Apt. 794,Olsonstad,Illinois,36243
274,274,141 Sullivan Lock Apt. 767,Lauratown,Louisiana,71743
275,275,5052 Briana Knolls,East Marissaview,Colorado,78978
276,276,87457 Joe Loop Suite 476,New Sherryton,Wyoming,94653
277,277,4573 Griffin Via Apt. 768,East Annport,Iowa,67109
278,278,90861 Traci Roads,Wolfestad,Kansas,35052
279,279,898 Jeanette Spring Apt. 338,East Garyberg,Oklahoma,59085
280,280,144 Burns Port,Schneiderborough,Rhode Island,78492
281,281,15291 Sanchez Forest,North Connie,Michigan,01538
282,282,18937 Owen Via,New Lauraland,Illinois,23062
283,283,895 Johnson Parks,Jonesport,Florida,71095
284,284,387 Deleon Isle Apt. 498,New Sarahstad,New Hampshire,93270
285,285,3154 Brandi Extensions Apt. 810,Jasonport,Washington,92746
286,286,8009 Jackson Hills,Samuelmouth,California,35064
287,287,6345 Jennifer Mountains,Keyhaven,Connecticut,36344
288,288,303 Brian Run Apt. 160,West Mariaview,New York,06696
289,289,954 Ruiz Trail Apt. 237,West Jimmyland,Nebraska,72573
290,290,1304 Mathis Fork Suite 217,Jacksonville,South Carolina,60524
291,291,6081 Gregory Isle Apt. 256,Colebury,Florida,07305
292,292,115 Burns Haven Apt. 900,Ramosmouth,Iowa,18574
293,293,8965 Waters Field Apt. 179,New Marc,Arizona,78746
294,294,8999 Weaver Rapids Apt. 709,North Rebeccaland,Montana,30787
295,295,400 Crystal Square,Ryanmouth,Tennessee,10216
296,296,894 James Street,Stevensville,Wisconsin,80303
297,297,11617 Simmons Shoal Apt. 925,Landryville,Mississippi,94721
298,298,063 Rich Dale,Blaketown,Rhode Island,95325
299,299,1182 Sarah Walks Suite 691,Elizabethview,Oregon,77096
300,300,84481 Rodney Springs,Stephensonstad,Virginia,94762
301,301,3129 Christine Ports Suite 413,South Andre,Utah,30631
302,302,6040 Braun Inlet Apt. 757,Port Paul,Kentucky,99798
303,303,6668 Keith Rest,Marybury,New Mexico,90020
304,304,65972 Mendez Valley Suite 600,Hayesstad,Colorado,68242
305,305,1859 Payne Drive Suite 517,Cynthiabury,Michigan,61702
306,306,698 Orr Trace,Cunninghamport,Maine,71606
307,307,20225 West Pine Apt. 859,Dillonland,Wyoming,45453
308,308,56029 Melinda Trafficway,Laurenport,Louisiana,60914
309,309,731 Clark Mountains Apt. 273,Lake Mariaview,Utah,50602
310,310,63122 Benjamin Mountains Apt. 226,South Jessicafort,West Virginia,17772
311,311,46870 Lewis Circles Suite 461,New Diana,Florida,17939
312,312,59769 Deanna Crest,Port Tammy,Illinois,68340
313,313,250 Rodriguez Expressway,Port Joseph,North Dakota,88099
314,314,61257 Lisa Rue Suite 904,South Barbaraland,Alabama,34092
315,315,101 Taylor Lights,West Charlesside,Kansas,05908
316,316,864 Christopher Brook Suite 960,North Carlatown,New Mexico,45970
317,317,5888 James Spurs Suite 846,Brownmouth,Maine,00626
318,318,159 Cortez Shoal Suite 337,East Feliciafort,South Dakota,94891
319,319,0329 Derek Plain Apt. 381,Wheelertown,Massachusetts,00693
320,320,08908 Alvarado Brook Apt. 642,Barbarachester,Wyoming,97376
321,321,909 Davidson Green Apt. 480,Jacksonburgh,South Dakota,85365
322,322,58195 Michael Key Suite 498,Port Jesse,Rhode Island,49765
323,323,85732 Lawrence Canyon,Kristentown,Pennsylvania,13275
324,324,05141 Barton Viaduct Suite 637,Rojasside,Illinois,64905
325,325,26758 Watson Corner Suite 855,Lake Charlesfort,Kentucky,82006
326,326,97441 Dylan Plain,West Candice,Montana,79768
327,327,83889 Ruiz Oval,Rhondaburgh,Rhode Island,33506
328,328,08828 Christopher Viaduct Suite 118,Mitchellmouth,Delaware,60140
329,329,7417 Sherry Parkway,Danielland,South Dakota,29417
330,330,49523 Michele Ridge,Huntermouth,Illinois,84424
331,331,2822 James Mount Apt. 626,Kristinashire,Oregon,34605
332,332,58540 Austin Divide,Fernandoton,New Mexico,88082
333,333,301 Lynn Common Suite 986,North Sarabury,Kentucky,38669
334,334,562 Medina Manor,Lake Fernandoside,Montana,02388
335,335,26268 Roy Well,Patriciaville,Hawaii,70368
336,336,901 Gill Trail Apt. 104,Port Emilyberg,Alabama,44022
337,337,1131 Camacho Spring,Port Morgan,Minnesota,29888
338,338,798 Walker Unions,Catherinestad,Minnesota,46168
339,339,01555 Krause Mountains,Port Adamburgh,Alaska,08497
340,340,11128 Victoria Parkways,Vangshire,New Hampshire,88763
341,341,34941 Jacob Island Suite 638,East Johnfort,North Carolina,78102
342,342,9118 Banks Crossing Suite 755,West Dominique,Vermont,58139
343,343,153 Jesse Crest Suite 533,South Melissa,Oregon,26284
344,344,4248 Meredith Oval,Jasonchester,Rhode Island,91646
345,345,584 Harding Cape Apt. 882,Jonathanport,South Carolina,81702
346,346,17456 Davis Lodge,Tylerland,Ohio,67055
347,347,20878 Nelson Gardens,New Emily,New Jersey,27617
348,348,0398 Cassandra Heights,West Seanburgh,South Carolina,26199
349,349,0993 Griffin Loaf Suite 285,Mendozachester,Oregon,47855
350,350,8390 Johnson Creek,New Kyleview,Nebraska,67521
351,351,05413 Scott Prairie,West Jefferyburgh,Utah,92433
352,352,788 Bell Trail Suite 122,Batesborough,South Carolina,61691
353,353,300 Ramos Trail Apt. 943,Hicksbury,Maine,23211
354,354,070 Braun Flat,New Ryan,Indiana,66061
355,355,867 Knapp Valleys Suite 405,Taylorland,Nebraska,91028
356,356,808 Eugene Trace Apt. 930,West James,Minnesota,86243
357,357,1537 Jessica Expressway,New Nancyberg,Arizona,58592
358,358,2705 Bradley Court Apt. 200,West Valerie,Alaska,09513
359,359,177 Edwards Field,North Mark,New Hampshire,45009
360,360,687 Keith Square Suite 207,North Heatherstad,New Mexico,70287
361,361,893 Baker Highway Apt. 287,Dennismouth,Iowa,95936
362,362,893 Erickson Hills Suite 281,Lake Crystalhaven,North Dakota,37544
363,363,804 Thomas Field Suite 549,West Catherine,Ohio,35679
364,364,260 Andrew Route,Meganton,Georgia,68775
365,365,51081 Fisher Mews Suite 630,Schwartzbury,Mississippi,36133
366,366,5419 April Meadows,Amandamouth,Florida,96852
367,367,1330 Helen Plain,Lake Elizabethhaven,Montana,06747
368,368,63585 Mitchell Course,Johnsonport,Iowa,36201
369,369,26723 Maria Circles Suite 554,South Stacy,Arizona,44108
370,370,936 Martinez Flats,South Lisa,New Jersey,14037
371,371,03228 Sims Meadows,Lake Jasonland,Delaware,11562
372,372,46262 James Light,Suttonport,Texas,27915
373,373,2305 Gonzalez Greens,Nielsenfort,Utah,94256
374,374,3462 Mcbride Square,Johnsonside,Tennessee,67758
375,375,99963 Davis Ridge Suite 991,Michaelhaven,Alabama,68316
376,376,1571 Andrew Cliffs Apt. 217,North Ashlee,Minnesota,52956
377,377,03836 Cody Ranch,Erikashire,Utah,59106
378,378,92167 Michael Brook,South Daniel,Louisiana,29830
379,379,229 Knight Ridge Apt. 024,Port James,Washington,44695
380,380,0191 Jacob Walk,New Patriciaton,North Dakota,10076
381,381,344 Samuel Parks,Stricklandbury,Hawaii,37246
382,382,6182 Christian Forges Apt. 289,East Brenda,Arkansas,15632
383,383,70729 Gonzalez Trafficway,Michellefort,Idaho,89927
384,384,4760 Ramos Square Apt. 066,Staceyburgh,Maine,98021
385,385,106 Wendy Dale Apt. 079,West Caitlinview,Missouri,11732
386,386,84166 Morris Route Suite 863,Port Shawna,New Hampshire,75661
387,387,42118 Ronald Expressway Apt. 340,Lake Barbara,Idaho,93622
388,388,04727 Destiny Manor,Robinsonstad,Georgia,74046
389,389,354 Justin Brooks,New Sharonton,Mississippi,10109
390,390,9983 Nicholas Bypass,Danielshire,Alaska,44058
391,391,586 Lisa Brook Apt. 083,Charlesstad,Georgia,09457
392,392,70551 Melissa Cliffs Suite 498,Chenfort,Virginia,29067
393,393,726 Hernandez Field Apt. 392,West Michelle,Nebraska,43641
394,394,8565 Williams Rest Suite 182,Greenhaven,Iowa,09377
395,395,52251 Derrick Station,West Scott,Maryland,57264
396,396,761 Danny Inlet Apt. 369,Cooperland,Iowa,67635
397,397,8017 Mccullough Rapids Suite 504,Maxburgh,Utah,91719
398,398,30785 David Harbors,Lake Emily,Illinois,38539
399,399,33585 Martin Dale,Luisbury,Louisiana,15574
400,400,761 Richard Lane Suite 169,Port Robert,West Virginia,87381
401,401,243 Tammy Glen Suite 034,Debraview,Rhode Island,25394
402,402,525 Beverly Falls,Fischershire,Ohio,20346
403,403,4174 Patricia Burg Suite 931,North Cindy,Maryland,98987
404,404,847 Anderson Cliffs Apt. 340,West Amanda,Iowa,71734
405,405,84662 Caroline Route Apt. 022,Anthonychester,Connecticut,83284
406,406,855 Thompson Fall Apt. 847,West Tracy,Washington,67310
407,407,4391 James Dale Suite 487,Rogersside,Arkansas,25427
408,408,7670 Rogers Gardens,South Teresa,Indiana,72330
409,409,49967 Pineda Forge,Diazport,Indiana,65048
410,410,8898 Robinson Light,Sydneymouth,Virginia,04209
411,411,54506 Brittney Lodge,Ryanshire,Virginia,91122
412,412,135 Amy Ramp Suite 621,New Charles,Mississippi,50926
413,413,55356 Hensley Trace,Port Allison,West Virginia,14222
414,414,7922 Howard Rest,Beckyview,Idaho,50885
415,415,871 Taylor Vista,South David,South Carolina,94118
416,416,29903 Mccormick Village Apt. 035,Claytonmouth,Ohio,66480
417,417,5794 Castillo Knolls,Lake Sandra,Nebraska,42153
418,418,67244 Valerie Pines,West Sharifurt,New Mexico,42121
419,419,733 Nelson Plaza Suite 299,New Edwin,Massachusetts,54024
420,420,27618 Leslie Unions,Anthonymouth,Florida,13809
421,421,99564 Scott Mount,Reevestown,Florida,23118
422,422,230 Kimberly Spur Suite 651,Juliamouth,Missouri,95704
423,423,719 Margaret Common,Lewisborough,Nevada,54873
424,424,28728 John Mews,Lake Betty,Washington,00972
425,425,101 Mcbride Lodge Apt. 357,Bradfordhaven,North Dakota,14132
426,426,203 John Cape Apt. 626,East Maryville,New Hampshire,40462
427,427,937 Peters Lane,Lake Harry,Texas,77397
428,428,99158 Robin Meadow,Trevinoborough,Delaware,21074
429,429,634 Jessica Summit,Mendozaborough,Texas,03802
430,430,38654 Garcia Streets Suite 095,Jamesfurt,Idaho,39797
431,431,922 Jennifer Locks Suite 765,Rowemouth,Colorado,23730
432,432,17003 Jason Burgs Suite 792,West Charlestown,Indiana,57328
433,433,8322 Dwayne Terrace,Port Shawn,Louisiana,51715
434,434,13744 Gregory Inlet,North Alvin,Utah,69177
435,435,6239 Deanna Garden Apt. 323,Carloshaven,Oregon,45911
436,436,98493 Ana Wells Suite 493,North Micheleport,Arkansas,30820
437,437,398 Krystal Underpass Suite 442,South Ryanport,Louisiana,59804
438,438,257 Glass Walks,Lake Dennisstad,Illinois,88247
439,439,6818 Hernandez Ramp Suite 899,Paigeborough,Nebraska,10104
440,440,572 Paul Stravenue,Cassandraborough,Maine,37456
441,441,905 Bradley Ports Suite 560,South Kelly,South Carolina,16954
442,442,795 Penny Islands,North Kaitlinside,Alaska,60598
443,443,415 Jennifer Stravenue,Bentleyburgh,North Carolina,38051
444,444,23905 Diane Turnpike,Thomaschester,Ohio,19843
445,445,32826 Graham Mews,Brownland,Kentucky,51939
446,446,25416 Richards Highway Apt. 190,Lake Joseph,Wisconsin,24540
447,447,749 David Mountain,Cesarstad,Utah,76499
448,448,050 Regina Trail Suite 945,New Sharihaven,Michigan,07602
449,449,11665 Barry Parkway,Port William,Indiana,24146
450,450,963 Hernandez Tunnel,Harrisberg,Colorado,25190
451,451,551 Hill Mount,Tammyberg,Louisiana,23725
452,452,71099 Melissa Camp,Port Aaron,Utah,48928
453,453,6477 Hopkins Passage Suite 850,Melindaville,Massachusetts,44324
454,454,3791 Stacy Manor Suite 315,North Dustin,Wyoming,39947
455,455,431 Mills Creek Suite 053,Walkerhaven,Massachusetts,79956
456,456,8065 Amanda Hollow,North Shirleymouth,Arkansas,15476
457,457,1451 Mary Walks Suite 345,New Michaelhaven,Minnesota,66633
458,458,330 Wood Locks,West Justin,New York,66174
459,459,163 Stewart Isle Apt. 641,Brendafort,Montana,56567
460,460,297 Rogers Valley,Kimberlyville,Wisconsin,77110
461,461,64977 Obrien Pass Suite 780,Nicholsonview,Maryland,68874
462,462,606 Stafford Fields,Port Christopher,Arizona,82592
463,463,5502 Smith Groves,North Bethanyport,West Virginia,61286
464,464,130 Stephanie Common Apt. 947,Gordonside,Washington,66193
465,465,698 Dale Falls Suite 902,Hughesburgh,Hawaii,38348
466,466,14094 Sanchez Points Suite 424,Perezfurt,Indiana,95799
467,467,326 James Union Apt. 567,North Justinport,Idaho,78992
468,468,285 Darrell Rue,Conleyfort,Louisiana,87937
469,469,5731 Guy Mission Suite 055,Lake Aprilfurt,South Carolina,58683
470,470,92168 Joseph Road,Melissaburgh,Hawaii,53109
471,471,76178 Ashley Manors,Michaelfurt,Idaho,06377
472,472,284 Melinda Crossing Suite 935,South Alan,Rhode Island,21909
473,473,931 Anthony Villages,Moonmouth,West Virginia,33377
474,474,77149 Costa Ferry,Cisnerosborough,Montana,14694
475,475,339 Shannon Stream Suite 106,North Jeffreymouth,Delaware,40511
476,476,2670 Christopher Manors,Lake Annette,Kentucky,33351
477,477,5401 Chandler Rest Suite 732,Katieside,Louisiana,79832
478,478,796 Miller Passage,South Mary,South Dakota,19012
479,479,07815 Lawrence Junctions Apt. 266,New Dennis,Rhode Island,86873
480,480,538 Johnson Shores Suite 489,New Kenneth,Oregon,64071
481,481,31228 Kevin Course Suite 253,Yolandaberg,Florida,51821
482,482,0530 David Mews,Schultzton,Delaware,11696
483,483,8730 Casey Lakes Apt. 964,East Sarahfurt,Washington,62273
484,484,915 Andrew Locks,West Jessica,California,76843
485,485,456 Oliver Brook Suite 557,North Joshuaport,Tennessee,80225
486,486,10995 Evans Course,Port Heatherburgh,Minnesota,13187
487,487,6349 Tony Union,Thomaschester,Iowa,60414
488,488,4497 Nguyen Crossroad Apt. 237,Wrightberg,Virginia,41522
489,489,3868 Mullen Garden,South Davidville,Iowa,60686
490,490,0132 Aaron Rapids Apt. 439,Michelleside,Florida,36689
491,491,6775 Steven Crest,Campbellburgh,Idaho,33000
492,492,5510 Little Loop,East Dennis,Texas,75197
493,493,5533 Jason Port Suite 475,Silvachester,Wisconsin,10665
494,494,949 Nelson Hollow,West Marktown,Texas,85772
495,495,4280 Jose Summit,New Amandahaven,Missouri,53064
496,496,604 Bauer Grove,West Jesseton,Arkansas,38214
497,497,69263 Elizabeth Roads Suite 606,South Logan,Nevada,12160
498,498,602 Lynn Terrace Suite 571,East Jessica,Georgia,44206
499,499,71409 Jonathan Trail,Watershaven,Maine,64649
500,500,254 Mathis Burgs,Dianamouth,Colorado,91522
501,501,1123 Lawrence Tunnel,Sellersbury,North Dakota,30359
502,502,82054 Torres Passage,Port Richard,Iowa,10600
503,503,518 Lisa Branch,North Gloriaton,Vermont,01457
504,504,810 Salazar Light,New Luisfort,New Jersey,04082
505,505,9214 Berry Station Apt. 530,East Sylviastad,Illinois,38161
506,506,88645 Jennifer Course Suite 324,Edwardsfurt,Mississippi,97618
507,507,7392 Price Camp Suite 217,West Hannahtown,Texas,56055
508,508,791 Amy Run,Rossville,Tennessee,44264
509,509,24433 Kimberly Gateway,Lake Alejandra,Illinois,66008
510,510,904 Moreno Corners Suite 765,Alishaview,Kentucky,95965
511,511,7371 Morgan Circle,Jonesport,North Dakota,71617
512,512,68716 Barbara Harbor Apt. 607,Hilltown,South Dakota,32422
513,513,340 Farmer Curve,East James,Rhode Island,67206
514,514,810 Mahoney Street,Garytown,Michigan,00516
515,515,973 Ashley Point,Curtismouth,Arkansas,52489
516,516,433 Linda Path Apt. 067,New Johnville,Indiana,36212
517,517,98374 Hodges Shores Apt. 987,Garciaport,Texas,36681
518,518,458 Bullock Stream Suite 755,Brownchester,Texas,34113
519,519,372 Joseph Islands,Christopherfurt,Oklahoma,13128
520,520,4623 Miller Way Suite 844,Port Leah,Georgia,99416
521,521,7935 Anderson Cliff Suite 689,North Jonathan,New Mexico,49970
522,522,674 Lynn Prairie Suite 586,Janiceview,Delaware,69025
523,523,07071 Timothy Summit Apt. 037,Hillstad,Texas,60434
524,524,76442 Jose Row,South Erin,Oregon,91233
525,525,06999 Tyrone Highway Suite 914,New Mariashire,New York,80726
526,526,04076 Ellison Lock,Michealview,North Carolina,89113
527,527,3283 Eric Row Apt. 559,Rossberg,Washington,94130
528,528,5414 Samantha Mountain Suite 489,South Michelle,Tennessee,90059
529,529,550 Wade Track Apt. 325,Kariberg,Hawaii,37130
530,530,2544 Mccarthy Fords,Brittneychester,Tennessee,87697
531,531,3816 Gonzalez Loop Suite 771,North Sarafort,Montana,03373
532,532,74316 Amy Flats Apt. 968,North Julie,Washington,25920
533,533,15509 Richard Shores,North Lisa,Tennessee,93623
534,534,23433 Amanda Union,West Daisy,North Carolina,92251
535,535,654 Lindsey Inlet Apt. 006,Staceyport,South Carolina,27431
536,536,13223 Brown Forks Suite 097,South Theresamouth,Maine,98131
537,537,37941 Shannon Ramp Apt. 592,Davidchester,North Carolina,39195
538,538,6850 Sims Groves Apt. 512,Michaelmouth,Massachusetts,46354
539,539,08999 Garcia Path Suite 899,Lake Michaelton,Kansas,78182
540,540,6974 West Knolls,South Williamport,Virginia,22960
541,541,503 Lee Loaf Suite 321,Pattonside,North Carolina,96186
542,542,9187 Harmon Roads,Matthewshire,Illinois,17046
543,543,836 Murphy Street Suite 587,North Suzannetown,Wisconsin,76945
544,544,43135 Tiffany Extension Apt. 175,South Eugeneburgh,Michigan,40262
545,545,051 Roberson Wells Suite 896,Kathleenside,New York,18586
546,546,180 Bryan Inlet Apt. 410,Port Davidbury,Virginia,66850
547,547,93720 Jennings Ports,Emmaburgh,South Carolina,49508
548,548,054 Justin Port Apt. 997,South Morganberg,Hawaii,48356
549,549,01377 David Hollow,Benjaminchester,Minnesota,60533
550,550,9086 Cindy Curve,Davishaven,Colorado,95709
551,551,7117 Christopher Road,Herreraburgh,Oklahoma,63231
552,552,891 Jones Loaf,Millsburgh,Arkansas,11242
553,553,72058 Rice Glen,East Codyport,South Carolina,14718
554,554,9570 Elliott Fields Apt. 635,Lake Michellechester,Nebraska,99489
555,555,0787 Torres Stravenue Apt. 500,Joyceborough,Oklahoma,79177
556,556,23088 Stewart Green,Hillland,Nevada,79733
557,557,150 Adams Haven,South Erikland,Oregon,56479
558,558,30410 Yates Trace,Michaeltown,Mississippi,44050
559,559,9646 Brown Village Suite 756,Port Anthony,Florida,49041
560,560,803 Kelsey Dale,Port Sandra,Kentucky,69890
561,561,7354 Perez Inlet,Carterhaven,Alabama,21451
562,562,993 Todd Rue Suite 875,Ochoamouth,Georgia,43047
563,563,231 Nicole Road,Bobbystad,Washington,09614
564,564,51464 Donald Field Apt. 510,West Brandi,Virginia,71755
565,565,91653 Sanders Skyway Apt. 506,Leslieberg,Georgia,18707
566,566,9889 Catherine Circle,South Hayley,Idaho,03845
567,567,98467 Donald Landing,Alexisborough,Indiana,52726
568,568,70243 Moody Drives Apt. 995,Port Troyton,Mississippi,74477
569,569,821 Burton Ranch Suite 986,Wolfeshire,New Mexico,21587
570,570,233 Reese Streets,East Nathanielfort,Virginia,76315
571,571,4782 Elizabeth Isle,Kerryfurt,New Jersey,68554
572,572,79539 April Passage Suite 799,Brandonstad,Kentucky,13958
573,573,537 Cynthia Inlet Apt. 489,South Paulfurt,Delaware,30816
574,574,1066 Gina Falls Suite 264,West Amanda,Iowa,63120
575,575,78786 Baker Plain,Gainesfort,Maine,09130
576,576,7746 Morales Greens,Sullivanton,Hawaii,26247
577,577,082 Mitchell Brooks,Barbarachester,Texas,79320
578,578,4828 Miller Road,Lake Laurenside,Oklahoma,50490
579,579,44856 Stephens Bridge Apt. 352,Rachelview,Virginia,41427
580,580,19723 Hale Estates Apt. 501,Helenhaven,Nevada,09467
581,581,97741 Boyle Overpass,East Jamie,Nebraska,43042
582,582,7806 Edwards Grove,Jonesborough,Arizona,29682
583,583,870 Green Way,East Brandy,Louisiana,37836
584,584,07936 Hodges Cove Suite 272,North Josephmouth,Oklahoma,54550
585,585,641 Jenna Flats Suite 687,Danielberg,Pennsylvania,13789
586,586,15455 Lauren Mountain Apt. 881,Lake Angela,Tennessee,40350
587,587,7433 Alexander Underpass Apt. 694,New Robert,California,41222
588,588,66266 Anthony Inlet Suite 825,New Tylershire,Connecticut,54935
589,589,750 Bryan Viaduct Suite 111,Maryfort,South Carolina,19518
590,590,9653 Christina Inlet,Jenningsshire,Rhode Island,50975
591,591,9136 Mccormick Island Suite 759,Wyattchester,North Carolina,62013
592,592,68894 Nicholson Stream Suite 850,Johnsonfort,North Dakota,27164
593,593,32339 Hughes Mill Suite 534,Jordanstad,New York,24922
594,594,2028 Wanda Ramp Apt. 090,Kennethmouth,Colorado,84883
595,595,69590 Judy Crescent,New Stephanie,Maine,09480
596,596,67493 Gutierrez Village Apt. 559,Jenniferburgh,Indiana,53009
597,597,1694 Timothy Port Apt. 636,East Davidburgh,Kentucky,47815
598,598,505 Tammy Fields,West Keith,Ohio,54249
599,599,3849 Antonio Islands,Watsonville,North Carolina,78387
600,600,273 Gilbert Expressway Apt. 502,Port Lisaport,Iowa,60084
601,601,50648 Johnson Isle,Mataberg,Vermont,20149
602,602,914 Lisa Common Apt. 235,North Kerri,Michigan,03206
603,603,713 Johns Stream,South Joshua,Mississippi,48809
604,604,6047 Wright Plain Suite 575,Lake Ashleyshire,Kansas,63448
605,605,30837 Hebert Point Apt. 548,Victorialand,Kentucky,41909
606,606,763 Gentry Stravenue,Lake Amanda,Florida,02250
607,607,224 Ruth River,Port David,Texas,20480
608,608,324 Martinez Roads Suite 875,Lake Kelseybury,Pennsylvania,04954
609,609,7025 Pace Island Apt. 009,North Johnshire,Vermont,83071
610,610,185 Alexander Ridge,Mccormickmouth,Mississippi,91520
611,611,32627 Welch Fall,New Gabrieltown,Minnesota,35601
612,612,581 Joel Bridge,Diazmouth,Tennessee,65832
613,613,74790 John Canyon Suite 095,Rodgerschester,New York,77097
614,614,70177 Bradley Union,East Matthewchester,New Jersey,83580
615,615,6123 Nelson Pass Suite 487,New Leechester,Connecticut,68488
616,616,485 Victoria Stravenue,New Valeriechester,Illinois,45701
617,617,312 Lynch Mountain,New Melissaport,Oregon,80515
618,618,8761 Roberts Route,Lake Melissashire,Arkansas,94880
619,619,018 Kennedy Centers Apt. 688,Aaronchester,Georgia,01130
620,620,1429 Spencer Corner Suite 273,West Gregoryfort,Alabama,68737
621,621,8581 Chen Extension Apt. 160,Tinastad,Rhode Island,30355
622,622,236 Newman Course,West Andrew,Kentucky,08960
623,623,39677 Thomas Forges Apt. 680,Kingmouth,Kansas,35589
624,624,79788 Barbara Center,Whitetown,Illinois,16863
625,625,784 Michelle Points,Valentineland,Massachusetts,91864
626,626,84324 Duncan Groves,Lake Lawrence,South Dakota,57880
627,627,627 Tim Dale Apt. 700,Guzmanmouth,Washington,50103
628,628,55083 Andrea Burg,New Juliaview,Minnesota,07227
629,629,12116 Charles Hill Apt. 621,North Jesus,North Dakota,26231
630,630,665 Jeffrey Club,Glennfort,Oklahoma,79200
631,631,9658 Donald Inlet Apt. 608,Morganchester,Alabama,85845
632,632,67529 Duran Plain Apt. 598,South Christopherville,Texas,07254
633,633,91512 Danny Place Suite 061,Hickmanchester,Florida,21391
634,634,2109 Ruiz Pine,Garrisonland,Pennsylvania,25418
635,635,88150 Carol Ports,Burnsstad,South Dakota,90161
636,636,36393 Alexander Trail Suite 794,Hannahberg,South Dakota,05196
637,637,76342 King Skyway,Lucasborough,Kansas,95752
638,638,83582 Alexandria Burgs Apt. 562,Karamouth,Utah,17649
639,639,058 Reyes Shore Apt. 038,Lake Jenniferstad,Hawaii,82993
640,640,7981 Robert Springs,South Gregoryfurt,Mississippi,40653
641,641,72539 Fernandez Rest Apt. 241,South Tylerfort,New York,02962
642,642,18734 Ryan Passage Apt. 306,Jenniferville,Colorado,16599
643,643,23243 Mcdonald Pine,Arthurshire,Nevada,20285
644,644,9978 Romero Prairie,Nealview,New Jersey,89838
645,645,0001 Tara Track Suite 539,West Wendy,Wyoming,40235
646,646,55239 Logan Street,North Joshua,Alaska,87021
647,647,6394 Thompson Trafficway Apt. 519,North Joy,New Mexico,68964
648,648,762 Henderson Trace,Wangview,California,20749
649,649,08598 Steven Groves,East Michelleport,West Virginia,68616
650,650,40900 Keller Falls,Lake Kimberlyport,Nebraska,21736
651,651,082 Blanchard Bypass,Port Carolyn,Illinois,21486
652,652,67582 Moss Forks Suite 069,Gonzalezfort,South Carolina,55587
653,653,7168 Jeffrey Squares,Erikchester,Maryland,68294
654,654,77326 Ian Divide Suite 358,Nancyfort,North Dakota,63735
655,655,60342 Foster Trafficway,Brandonville,Utah,80061
656,656,0788 Jose Cliff,Travisstad,New Hampshire,70950
657,657,460 Brandon Courts,West Gregoryburgh,Kentucky,49057
658,658,228 Shawn Mill,New Edwardmouth,South Carolina,95540
659,659,056 Garcia Garden,Kathrynport,Wisconsin,26429
660,660,0479 Andrea Expressway Suite 409,Aprilport,Florida,33564
661,661,65119 Morgan Port,Millerbury,North Carolina,30166
662,662,36982 Barton Manors Apt. 984,Lake Jeremy,Michigan,62017
663,663,90182 Perez Flats,East Kellymouth,Colorado,63505
664,664,39839 Emily Land Apt. 705,Johnsonport,Louisiana,71352
665,665,266 Anthony Plaza Suite 687,Port Jessica,Washington,25164
666,666,1652 Jeffery Orchard,Williamsport,Michigan,13289
667,667,7318 John Canyon Apt. 487,Jensenview,Hawaii,99103
668,668,0385 Lindsay Mill Suite 168,New Stephaniehaven,Massachusetts,52532
669,669,46424 Anderson Avenue Apt. 404,Cherylview,Arizona,44658
670,670,43469 Smith Lodge,Ericshire,Missouri,71274
671,671,0635 Garner Extensions,West Mary,Minnesota,80506
672,672,1974 Garcia Lock Suite 279,Popemouth,Texas,64493
673,673,5163 Ryan Run,East Kristy,Illinois,00812
674,674,888 Raymond Islands Suite 737,Port Gloria,Maine,86705
675,675,710 Denise Village Apt. 551,East Kimberly,Kansas,05507
676,676,1126 Robert Light,Paulbury,North Carolina,25887
677,677,42153 Trevor Forge Suite 108,Hoffmanhaven,Ohio,86070
678,678,9665 Miller Brooks,East Steven,North Carolina,94900
679,679,440 Callahan Forge,Obrienstad,Rhode Island,65334
680,680,4442 Reynolds Trail Apt. 911,Santosland,Texas,47426
681,681,55415 Barton Village Suite 037,South Gregorymouth,Wisconsin,35156
682,682,964 Johnson Roads Apt. 345,Aguilarton,Arizona,66889
683,683,375 Monroe Centers Apt. 383,New Timothy,Idaho,18684
684,684,92882 John Mountain,Lake Carl,North Dakota,29889
685,685,55784 Crystal Crossroad,Singhbury,Connecticut,25065
686,686,17676 David Turnpike Apt. 156,Mikemouth,Arkansas,81946
687,687,1843 Sarah Flats,North Steven,Pennsylvania,80566
688,688,9412 Pugh Rest Suite 642,East Gregoryport,Georgia,76706
689,689,31067 Katherine Junction Suite 376,North Vickieview,Connecticut,62488
690,690,416 Smith Prairie Apt. 977,Lake Jill,Arizona,31489
691,691,9270 Todd Well Apt. 712,Heatherfort,Vermont,69127
692,692,17070 Andre Circle,New Samanthabury,North Dakota,82932
693,693,215 Angela Lane,Leroyland,Maryland,21238
694,694,48802 Hickman Mountains Suite 641,New Bethany,Vermont,23406
695,695,3913 Jenkins Locks Suite 346,South Michaelland,Nebraska,13694
696,696,4958 William Harbors,Boydhaven,Oregon,87661
697,697,4332 Chapman Trail,Gregoryfurt,Arkansas,40663
698,698,8519 Hernandez Ridges,New Josephville,Iowa,17202
699,699,16149 Kevin Gardens Suite 634,New Brianna,Wisconsin,78951
700,700,487 Stewart Greens,Lucasborough,North Carolina,34968
701,701,26949 Brian Courts,Craneville,Idaho,88851
702,702,75405 Baldwin Fields Apt. 938,Mackburgh,Delaware,42897
703,703,304 Morales Route,South Jorge,New York,46362
704,704,4948 Watkins Mountains,Darrylhaven,New Jersey,51726
705,705,4758 Hicks Tunnel,West Doris,Wyoming,00674
706,706,62006 Cobb Mountains,Jamesmouth,Alaska,49926
707,707,9247 Heather Village Suite 370,Port Allisonhaven,Colorado,96147
708,708,7196 John Lake Apt. 722,Jonesville,Nevada,03790
709,709,80680 Ronald Center Apt. 180,Andrewsbury,Florida,83156
710,710,066 Moore Forge,New Kimberly,Iowa,55606
711,711,55794 Jason Trace Suite 973,Markland,Iowa,86118
712,712,64121 Martin Glens Suite 610,Port Casey,Delaware,24787
713,713,0686 Alicia Trail Suite 365,Mcconnellbury,Minnesota,71225
714,714,90374 Caroline Square,Clinemouth,Vermont,21473
715,715,0398 Crawford Crossroad Apt. 297,New Angelicamouth,New Jersey,25664
716,716,9207 Brenda Skyway,Hillport,New Jersey,27498
717,717,17590 Johnson Fort,Lake Richard,Maryland,03887
718,718,0516 Berry Walk Suite 586,Port Davidtown,Iowa,89034
719,719,70318 Larson Meadows Apt. 760,East Melissa,Kentucky,84072
720,720,14969 Joseph Avenue Apt. 702,West Brian,Minnesota,03274
721,721,51641 Fitzgerald Mountain Suite 300,Gomezside,Missouri,74190
722,722,604 Burns Cove Suite 742,Meyermouth,New York,73948
723,723,552 Michael Light Suite 630,North Wendy,Kentucky,42470
724,724,1059 Rachel Shore,Aaronfort,Missouri,33286
725,725,1427 Manning Falls,Lisaton,West Virginia,73424
726,726,2942 Willis Mission Apt. 962,West Michelle,Hawaii,21252
727,727,38100 Douglas Radial Suite 291,West Paulside,Idaho,28464
728,728,74448 Gary Mill Apt. 414,Port Brittany,Mississippi,30928
729,729,2287 Caitlin Causeway,Nelsonland,Nebraska,02457
730,730,824 Jessica Union,Lake Ashleytown,North Carolina,16944
731,731,182 Teresa Springs,Waynebury,Montana,72607
732,732,521 Evans Meadow,Carterchester,South Dakota,58595
733,733,906 Wright Centers,Mccallbury,North Carolina,00609
734,734,449 Park Track,Kennethside,Illinois,60075
735,735,219 Scott Ville Apt. 832,Jeremybury,Florida,07144
736,736,72486 Johnson Path,West Kathleen,Wisconsin,31950
737,737,55164 Velazquez Mills,Jakeside,Delaware,88479
738,738,140 Chambers Field Apt. 122,West Ericbury,Maine,48351
739,739,0983 Lee Knolls,Kimburgh,Louisiana,73963
740,740,87759 Arthur Isle Apt. 654,Charlesborough,Montana,84604
741,741,780 Moore Radial Suite 467,Matthewfurt,New Hampshire,65643
742,742,994 Richard Points,Davidport,Texas,40137
743,743,2521 Tiffany Corners,Morenofort,Pennsylvania,10859
744,744,3771 Cooper Plains,Lake Christopher,Louisiana,52148
745,745,42121 Luis Plains,Whitneyview,Missouri,06168
746,746,845 Robinson Mall Apt. 152,West Meredithside,California,51115
747,747,087 Torres Haven Apt. 425,Brianfort,California,74708
748,748,73965 Chung Passage Suite 892,Port Stephanieberg,Mississippi,89528
749,749,4498 Laura Lights,Palmerchester,Minnesota,25520
750,750,43635 Robert Pines Suite 709,Edwardsland,New Jersey,74018
751,751,1641 Jordan Expressway Apt. 972,Port Jamesstad,Rhode Island,52704
752,752,514 Moran Highway,Sarahbury,North Carolina,66371
753,753,52731 Robinson Orchard Suite 587,Cynthiaberg,Illinois,91884
754,754,7061 Lisa Rue,Robertport,Virginia,05632
755,755,48819 William Islands,Sandersbury,Tennessee,32884
756,756,634 Xavier Drive Apt. 557,Catherineland,Oregon,52006
757,757,555 Russell Village Suite 164,Atkinsonside,Mississippi,03504
758,758,285 Pruitt Loaf,Mooneyton,Texas,39660
759,759,500 Robinson Cliffs Suite 780,Port Lisaborough,Illinois,43773
760,760,42087 Russell Summit Suite 672,Port Chloe,Vermont,58817
761,761,376 Watson Loaf,Lake Morganmouth,Connecticut,57403
762,762,48797 Michael Ramp,Lake Shawn,Kentucky,83368
763,763,88767 Poole Path Apt. 986,New Maureen,California,10854
764,764,964 Moore Landing Apt. 836,Lake Heathermouth,West Virginia,33199
765,765,52434 Benjamin Lane,Huffmanville,Nebraska,48507
766,766,722 Salinas Keys,South Meganshire,New Mexico,07935
767,767,871 Hernandez Knoll Suite 606,South Janeborough,Virginia,41439
768,768,41951 Reynolds Curve,Hicksstad,Montana,01812
769,769,567 Fuentes Mews Apt. 002,Woodbury,North Dakota,98139
770,770,741 Gonzales Harbor,Port David,West Virginia,84572
771,771,5072 Coleman Neck,Martinton,South Carolina,55664
772,772,6742 Lopez Freeway Suite 789,East Andrea,Delaware,64881
773,773,7690 William Manor,New Michelle,Tennessee,07812
774,774,169 Richardson Village,North Drewmouth,North Carolina,05756
775,775,430 Garcia Ports,Brittanyview,Wisconsin,72794
776,776,39123 Kevin Causeway Suite 800,Gailchester,Washington,88038
777,777,2107 Raymond Forge Apt. 194,West Sheena,Kentucky,42066
778,778,61071 Flynn Cliffs,Lake Brian,California,65377
779,779,82636 Steven Expressway,Lindaland,New York,80146
780,780,52627 Mccormick Manors,Travismouth,North Dakota,42551
781,781,8336 David Port Apt. 681,West Lesliestad,Rhode Island,44007
782,782,999 Matthew Village,New Brittanytown,Virginia,03053
783,783,14780 Heath Brook Suite 900,Diazview,Indiana,82529
784,784,4547 Michael Squares,Lake Steven,Louisiana,66926
785,785,699 Eugene Walk,North Charlesland,Oklahoma,59516
786,786,745 Cameron Mews Apt. 990,Edwardport,Delaware,43163
787,787,20218 Sexton Path Suite 862,Bellton,Texas,22565
788,788,5527 Little Wall Suite 544,North Thomasside,Florida,96026
789,789,6771 Benjamin Union Apt. 992,North Terribury,Florida,07649
790,790,577 William Plaza,North Erin,South Carolina,26235
791,791,241 Eaton Tunnel,Lake Elijah,Utah,68627
792,792,6185 Maria Branch Suite 356,Kyleberg,Rhode Island,37120
793,793,6846 Garcia Fords Suite 823,Carlafort,Kansas,79471
794,794,4292 Cynthia Knoll Apt. 915,Jeffreyport,Vermont,95677
795,795,344 Fowler Trail,Michellestad,Arkansas,39485
796,796,0656 Joseph Fields,Samanthaville,California,23927
797,797,857 Jose Manor,New Austinburgh,North Dakota,51696
798,798,33387 Paul Square,Pearsonshire,Indiana,77625
799,799,264 Johnson Flats Suite 489,Ruthland,Iowa,55345
800,800,73090 John Shoals,North Joseph,West Virginia,32101
801,801,58482 Sonia Land,Raychester,Massachusetts,30397
802,802,67023 Angela Trail Apt. 149,Rowemouth,Utah,34818
803,803,1016 Wilson Junctions,Watsonfort,Texas,74911
804,804,43575 Jackson Unions,New Latoyashire,Alabama,14290
805,805,803 Gabriella Fork,East Joseph,Alaska,19470
806,806,75976 Oneal Crest Apt. 576,North Timothyland,Wyoming,55155
807,807,106 Lisa Prairie,Cunninghamland,Alaska,79568
808,808,04871 Alexis Lake Suite 110,Martinborough,Louisiana,92475
809,809,9917 Brendan Key Apt. 245,East James,Illinois,32269
810,810,72847 Allen Harbor,Cruztown,Virginia,44420
811,811,172 James Mission,East Tracy,Utah,70870
812,812,222 Edward Islands Apt. 609,Jonathanhaven,West Virginia,27167
813,813,7663 Palmer Meadows,Lake John,Louisiana,70581
814,814,4822 Ellis Unions,New Aaron,Minnesota,43581
815,815,090 Gregory Orchard Suite 859,Schneidertown,Virginia,67773
816,816,468 White Keys Suite 477,Stevenburgh,West Virginia,32791
817,817,54648 Torres Orchard,Gabrielleton,Virginia,64579
818,818,255 Gonzales View Suite 381,South Ashleyborough,Indiana,14245
819,819,115 Lane Forge,Lorifort,Maryland,07291
820,820,2758 Watkins Bypass,Lynchburgh,South Dakota,03485
821,821,1741 Ochoa Plaza Suite 723,New Adriana,Minnesota,35949
822,822,7006 Ashley Fort,Leahport,Hawaii,84490
823,823,2588 Lewis Rapids Suite 871,East Victoriamouth,New Jersey,27371
824,824,86668 Shirley Trail,Maryside,Indiana,96345
825,825,9162 Carlos Green,Lake Kurt,Arizona,10670
826,826,22213 Debbie Spring Suite 634,Kennedyfort,Colorado,04408
827,827,9452 Lee Islands Suite 075,New Eric,Kentucky,78166
828,828,5084 Williamson Hill Apt. 704,Davidland,New Jersey,79582
829,829,20563 Charles Center,South Victoria,South Dakota,40866
830,830,04234 Gallagher Camp,North Tina,Hawaii,69070
831,831,5951 Gamble Loop Suite 594,Port Adam,Wisconsin,58871
832,832,06852 Brandon Extensions Apt. 338,East Aaronport,Florida,63776
833,833,90292 Deanna Street Suite 146,Timothyfurt,Oregon,27102
834,834,24155 Norma Landing Suite 218,Woodmouth,West Virginia,70613
835,835,17835 Wesley Roads,North Stacyfurt,Florida,79550
836,836,34867 Jones Freeway,Kingchester,Indiana,80184
837,837,85305 Martinez Summit,Lawrencefort,Ohio,93582
838,838,2657 Chen Vista Suite 239,Port Gregoryfort,Kansas,45490
839,839,8129 Hendricks Cliff,Onealside,Illinois,05866
840,840,9279 Ryan Loop,North Heiditown,Pennsylvania,97455
841,841,4012 Brown Glens,East Matthew,Nebraska,75278
842,842,8349 Williams Crescent,Lake Danielleton,Montana,66766
843,843,139 Williams Burgs,North Jayview,Illinois,46392
844,844,375 Joann Road,West Teresahaven,Minnesota,85714
845,845,218 Adam Avenue,Michelestad,New Mexico,45770
846,846,333 Daniel Coves Apt. 923,Powersview,Missouri,21706
847,847,463 Roach Station,Bettyberg,Minnesota,30728
848,848,06717 Karen Islands,Lake Rose,Idaho,13687
849,849,6991 Megan Avenue,Calvinton,Vermont,61632
850,850,7342 Murphy View Apt. 639,Petersland,Texas,21400
851,851,4810 Heather Highway Suite 102,South Thomasborough,Virginia,36828
852,852,0772 Burns Garden,Mendeztown,Montana,29005
853,853,01538 Susan Square Apt. 652,New Anthony,Wyoming,87397
854,854,966 Johnson Rue,North Cassandra,Oregon,07050
855,855,118 Evans Parkway,New Nicholas,New Jersey,88185
856,856,016 Mary Manor Suite 660,Brightmouth,Wyoming,66875
857,857,5185 Bishop Branch Apt. 005,Marytown,South Carolina,15646
858,858,30712 Stafford Summit,East James,Mississippi,49843
859,859,49439 Zachary Gateway Apt. 804,Georgemouth,Illinois,69944
860,860,09715 Candace Divide Apt. 423,Lake Wanda,Oregon,82449
861,861,251 Chapman Park Suite 562,Mitchellmouth,Louisiana,19604
862,862,2589 Tiffany Mountains,Carlsonfort,Idaho,66527
863,863,2751 Philip Fall,Port Lisa,Montana,13744
864,864,078 Timothy Ferry,Brianside,West Virginia,40932
865,865,344 Jermaine Square,Lake Nicole,Georgia,57908
866,866,89689 Virginia Walk Suite 610,South Megan,Tennessee,17830
867,867,55559 Duffy Run Suite 026,Michelleview,Virginia,96191
868,868,2999 Anthony Ports,North Erichaven,New Jersey,52840
869,869,777 Tiffany Path Apt. 096,Lake Richardside,Kentucky,26777
870,870,26316 William Unions,North Tiffanychester,Washington,70981
871,871,62261 Davidson Spurs,Lake Brandymouth,South Dakota,51004
872,872,9616 Audrey Estate,New Danielhaven,Mississippi,12957
873,873,80717 Charles Knoll,Aliciashire,New York,69928
874,874,333 Chavez Plains Suite 495,Lake Brian,Utah,57955
875,875,77609 Hickman Pines Apt. 264,Port Lisa,Texas,08908
876,876,61985 Davis Shore,South Martha,Mississippi,64315
877,877,8922 Katrina Street,Toddchester,Virginia,70800
878,878,14707 Case Inlet Suite 806,Port Carltown,Vermont,37024
879,879,1182 Emily Falls,Port Brycechester,Georgia,60709
880,880,616 Christopher Street,New Lindseymouth,Arizona,41317
881,881,53077 Russell Port Apt. 356,Anneshire,Michigan,47834
882,882,64103 Michael Lights,Sandersborough,Maryland,15713
883,883,6932 Kristen Burg,Sheltonmouth,South Carolina,21094
884,884,8298 Maria Courts Apt. 281,New Jessica,Colorado,82625
885,885,05465 Sutton Estates Apt. 862,Jonathanberg,Alabama,44619
886,886,569 Sarah Squares,Tiffanystad,Iowa,56727
887,887,06733 Connie Squares Apt. 504,Lucasmouth,Louisiana,59521
888,888,50201 Nicholas Port,Martinside,Iowa,73921
889,889,34343 Samantha Roads,Irwinton,West Virginia,20439
890,890,3374 Sanchez Forge Suite 602,Prestonview,South Dakota,78898
891,891,40824 Miranda Square,North Richardbury,California,06028
892,892,52342 Sims Stravenue,Sandovalside,New York,09348
893,893,320 Andersen Village,Lynnville,Tennessee,97523
894,894,7463 Lorraine Oval,Mcneiltown,Florida,36575
895,895,355 Lance Ville Apt. 855,South Jefferyfurt,Arizona,83156
896,896,45879 Hayden Forges Suite 849,North Lisaville,Virginia,47557
897,897,921 Stacey Shore Apt. 050,New Jessica,South Dakota,41594
898,898,740 Patrick Meadows,East Charlesborough,Nebraska,89968
899,899,323 Fitzpatrick Inlet,Carterhaven,Louisiana,60294
900,900,537 Nancy Plaza,Andersonstad,Florida,82902
901,901,47245 Peter Curve Apt. 544,Port Christopher,Virginia,69228
902,902,031 Perkins Loaf Suite 101,Kerryhaven,Alabama,86586
903,903,0641 Karen Burg Suite 615,West John,Wisconsin,52827
904,904,535 Jeffery Corners Suite 041,New Tracybury,Oklahoma,05257
905,905,873 Spencer River,New Peterborough,Texas,70410
906,906,350 Benjamin Curve Suite 050,Gravesport,Maine,06015
907,907,395 Wang Mission Apt. 398,Lake Matthew,Oregon,88619
908,908,548 Shepard Shoal,Charlesmouth,New Mexico,01340
909,909,12023 Gail Haven Apt. 278,Williammouth,Indiana,32467
910,910,1088 Deborah Dale,Brittanyberg,Wyoming,44463
911,911,51798 Rebecca Shoals,Port Brendaview,North Dakota,27427
912,912,179 John Courts,Lake Mauricefurt,Mississippi,09703
913,913,7804 Fields Center,Angelabury,North Carolina,41166
914,914,42136 Scott Haven,Port Erin,Utah,41691
915,915,1096 Kirk Flat Apt. 012,Ronaldburgh,Minnesota,31676
916,916,9326 Rachel Parks Suite 119,Willisshire,Oklahoma,73458
917,917,500 Johnson Fort,East Zachary,Mississippi,40166
918,918,2371 Robinson Causeway Suite 111,South Rachelside,New Mexico,58964
919,919,21052 Reed Orchard,Andersonstad,Hawaii,21699
920,920,70476 Conway Station,Lake Spencer,Wisconsin,00669
921,921,59897 Cook Trail Apt. 353,Cynthiafurt,North Dakota,89341
922,922,1840 Henderson Point,Garciatown,Montana,68893
923,923,73632 Townsend Burgs,West Melinda,Iowa,56504
924,924,93988 Brown Park Suite 711,Lake Rachelmouth,Idaho,59279
925,925,5379 Hoffman Ridges Apt. 440,Katrinashire,Alabama,54937
926,926,85602 Megan Divide Suite 969,Lake Anthony,Pennsylvania,69993
927,927,9419 Kristen Summit Suite 135,East Michellebury,Wyoming,77488
928,928,185 Garrett Alley,South Adrienneberg,Connecticut,15113
929,929,2118 Swanson Tunnel Suite 104,Stephenland,Ohio,19456
930,930,9530 Lopez Forest,New Evan,Connecticut,75176
931,931,4464 Wright Gateway Suite 372,Lake Alejandra,North Carolina,68946
932,932,49625 Phelps Light,West Kevin,Georgia,70093
933,933,3199 Price Cliff Suite 858,Nicholasfurt,North Dakota,82345
934,934,9058 Collins Plaza Apt. 019,Katherinebury,South Dakota,82735
935,935,093 Foster Glen Suite 962,Lake Jesusburgh,North Dakota,51522
936,936,152 Ortiz River Apt. 168,North Jacquelineberg,Georgia,13925
937,937,9746 Stephanie Loop,Sellersfurt,Vermont,55049
938,938,66646 Jacob Trail Suite 452,New Gina,North Carolina,27875
939,939,6396 Sanders Dale,Donnaview,Georgia,65815
940,940,499 Mcdonald Trail,Danielshire,Indiana,32803
941,941,24698 Welch Turnpike,Chadberg,New Jersey,62049
942,942,146 Pamela Fort,New Roy,Pennsylvania,89878
943,943,8553 Kelly Junction Suite 443,North Colleenton,South Dakota,45986
944,944,7641 Joseph Gateway,Robynhaven,Hawaii,66993
945,945,48135 Stephanie Viaduct Suite 618,South Adam,Indiana,77322
946,946,8693 Priscilla Canyon,Gonzalesberg,Maine,66863
947,947,385 Diane Viaduct Apt. 073,North Lauratown,Alaska,40157
948,948,81451 Williams Ports Suite 464,Lake Andrew,New Mexico,07896
949,949,0565 Murray Orchard Apt. 135,New Raymondville,Texas,65005
950,950,520 Daniel Forks,Davidton,Nevada,41601
951,951,9876 Earl Views Apt. 595,Port Steve,Virginia,68251
952,952,6546 Stacy Square,West Laura,Iowa,52173
953,953,1312 Christopher View Apt. 064,Kaylashire,Wyoming,05019
954,954,2678 Crystal Ramp Apt. 338,North Daniel,Michigan,73043
955,955,24937 Linda Heights Apt. 041,East Christopher,Maine,18053
956,956,5107 Barnett Isle Suite 481,South Timothy,Florida,53895
957,957,8326 Obrien Gardens,Fernandohaven,Louisiana,12175
958,958,0614 Small Center Suite 289,Robertside,Oregon,58695
959,959,38223 Gonzalez Vista Suite 595,North Caroline,Indiana,42806
960,960,329 Mckay Ways,Rodriguezview,Alabama,91060
961,961,6351 Jesse Creek,New Michael,West Virginia,12283
962,962,000 Fleming Coves Suite 152,Port Jacquelinetown,Tennessee,87664
963,963,4922 Palmer Groves Apt. 675,Scottfurt,Mississippi,86857
964,964,6108 Allison Extension Suite 759,East Lori,Pennsylvania,01931
965,965,144 Suarez Drive,New Whitneyburgh,Illinois,11609
966,966,9519 Nelson Mission Suite 840,North Jacquelineside,New York,12735
967,967,11368 Danielle Port,Lake Brianmouth,Illinois,48480
968,968,555 Foster Valley,North Robertbury,Maine,76324
969,969,937 Marcus Gardens Apt. 922,Geneberg,North Dakota,79642
970,970,473 Travis Cove,Terryberg,Iowa,87774
971,971,4402 Vincent Springs,Jessicachester,Alaska,33094
972,972,4467 James Fords Apt. 057,Cainshire,Kentucky,45306
973,973,92490 Katherine Common,Bartlettshire,Utah,17294
974,974,45483 Bowers Prairie,Meganchester,Mississippi,07429
975,975,18155 Jose Landing Suite 997,Jasminechester,Massachusetts,64251
976,976,00246 Evans Pass Suite 136,Jeromeburgh,Oregon,80041
977,977,179 Hart Mission,Jimenezbury,New Hampshire,51941
978,978,64335 Hicks Brooks Apt. 621,Lake Justin,New Jersey,64614
979,979,774 Bethany Grove Suite 127,Bellburgh,Alabama,92049
980,980,0752 Petersen Grove Suite 387,North Cassandra,Oregon,18778
981,981,89034 Ross Cliffs Suite 778,Collinsville,Colorado,67149
982,982,093 Johnson Mall,South Dawnfort,Alaska,82551
983,983,15569 Matthew Path,Brandiland,Kansas,42893
984,984,9531 Campbell Crest Apt. 057,West Julia,Nevada,27423
985,985,2655 Rowland Loop Suite 523,Robertburgh,Maine,72873
986,986,627 Fowler Brooks Suite 319,Hamiltonland,Missouri,22691
987,987,2882 Benton Summit Suite 294,Laratown,Connecticut,50706
988,988,7635 Jerry Mount Apt. 651,Mcculloughbury,South Dakota,95760
989,989,883 Brandi Mountains,West David,Illinois,20593
990,990,358 Denise Cliff Suite 287,Perryville,Wyoming,55164
991,991,6534 Mcclain Turnpike Suite 072,East Brian,Kentucky,13348
992,992,56852 Joseph Court Suite 016,Longfort,Alabama,19740
993,993,1915 Wu Harbor,Petersbury,Wyoming,02979
994,994,45326 Clark Trace Suite 959,Brownhaven,Michigan,26121
995,995,98317 Jennifer Forges Apt. 101,Lake Stacyland,California,91606
996,996,360 Christopher Divide Suite 655,Michaelmouth,Massachusetts,17881
997,997,5711 Robert Stream,North Natalie,Massachusetts,06970
998,998,65877 Gloria Summit,Jonathanchester,New York,73778
999,999,3289 Teresa Viaduct,Jonathanmouth,Alabama,78275
1000,1000,07863 Michael Run Suite 777,West Joshua,Maryland,24814
